complaint_id,date_filed,city,victim_name,victim_phone,victim_email,complaint_text,crime_type,sub_type,amount_lost,linked_phone,linked_upi,linked_bank_acc,linked_url,linked_ip
C0001,2026-02-18,Indore,Sneha Sharma,+91-9792461497,sneha.sharma221@yahoo.com,"I received a video call from +91-8485793320 and was later blackmailed with a recorded video, asked to pay to pay266@paytm.",Sextortion,Blackmail via Video Call,25000,+91-8485793320,pay266@paytm,53419283276,,
C0002,2026-08-06,Nagpur,Vikram Rao,+91-9069714088,vikram.rao833@outlook.com,"Extortion attempt via WhatsApp from +91-8485793320, demanding payment to bank account.",Sextortion,Blackmail via Video Call,10000,+91-8485793320,pay266@paytm,53419283276,,
C0003,2026-05-04,Bhopal,Anjali Kapoor,+91-8413395673,anjali.kapoor169@outlook.com,"My email account was hacked, attacker sent password reset link http://account-recovery.shop/verify to change my credentials.",Hacking,Email/Account Compromise,50000,+91-7258282357,pay949@paytm,93103413164,http://account-recovery.shop/verify,
C0004,2026-08-31,Ahmedabad,Karan Malhotra,+91-8283184381,karan.malhotra34@gmail.com,"My email account was hacked, attacker sent password reset link http://account-recovery.shop/verify to change my credentials.",Hacking,Email/Account Compromise,25000,+91-7258282357,pay949@paytm,93103413164,http://account-recovery.shop/verify,
C0005,2026-08-06,Indore,Pooja Chauhan,+91-8492364321,pooja.chauhan908@outlook.com,I received a call from +91-9095224592 claiming to be from my bank asking me to update my KYC. They asked for OTP and my account was debited.,Financial Fraud,KYC/Bank Impersonation,10000,+91-9095224592,scammer859@paytm,33218196001,,
C0006,2026-05-02,Nagpur,Sanjay Nair,+91-8497429521,sanjay.nair621@outlook.com,"A fake support website http://fake-support-helpdesk.xyz/verify asked for my login credentials, my wallet linked to scammer674@okaxis was compromised.",Phishing,Fake Support Link,5000,+91-7716440495,scammer674@okaxis,86379402654,http://fake-support-helpdesk.xyz/verify,
C0007,2026-08-25,Pune,Priya Singh,+91-9946881176,priya.singh578@outlook.com,Someone created a fake profile using my photos and contacted my friends asking for money via pay204@ybl.,Identity Theft,Social Media Impersonation,100000,+91-7509438221,pay204@ybl,61559407816,,
C0008,2026-04-24,Bhopal,Sneha Sharma,+91-7026455032,sneha.sharma837@gmail.com,"My email account was hacked, attacker sent password reset link http://account-recovery.info/verify to change my credentials.",Hacking,Email/Account Compromise,25000,+91-7258282357,pay949@paytm,93103413164,http://account-recovery.info/verify,
C0009,2026-09-02,Nagpur,Priya Yadav,+91-8747210960,priya.yadav642@gmail.com,"Extortion attempt via WhatsApp from +91-8485793320, demanding payment to bank account.",Sextortion,Blackmail via Video Call,10000,+91-8485793320,pay266@paytm,53419283276,,
C0010,2026-04-27,Ahmedabad,Karan Iyer,+91-7189183242,karan.iyer474@outlook.com,Someone created a fake profile using my photos and contacted my friends asking for money via pay204@ybl.,Identity Theft,Social Media Impersonation,50000,+91-7509438221,pay204@ybl,61559407816,,
C0011,2026-03-06,Bhopal,Manoj Patel,+91-9101072991,manoj.patel896@yahoo.com,"A fake support website http://fake-support-helpdesk.info/verify asked for my login credentials, my wallet linked to scammer674@okaxis was compromised.",Phishing,Fake Support Link,25000,+91-7716440495,scammer674@okaxis,86379402654,http://fake-support-helpdesk.info/verify,
C0012,2026-07-17,Mumbai,Neha Joshi,+91-9400181638,neha.joshi779@gmail.com,"Unauthorized login detected from IP 95.152.249.127, my account was compromised and used for further scams.",Hacking,Email/Account Compromise,75000,+91-7258282357,pay949@paytm,93103413164,,95.152.249.127
C0013,2026-08-20,Ahmedabad,Isha Patel,+91-9035341958,isha.patel982@gmail.com,Unknown number +91-8485793320 is threatening to leak my private photos unless I pay Rs.50000 to pay266@paytm.,Sextortion,Blackmail via Video Call,50000,+91-8485793320,pay266@paytm,53419283276,,
C0014,2026-01-02,Nagpur,Sanjay Nair,+91-9890228214,sanjay.nair451@gmail.com,Unknown number +91-8485793320 is threatening to leak my private photos unless I pay Rs.100000 to pay266@paytm.,Sextortion,Blackmail via Video Call,100000,+91-8485793320,pay266@paytm,53419283276,,
C0015,2026-03-21,Bengaluru,Meera Sharma,+91-8150210800,meera.sharma186@gmail.com,"A fake support website http://fake-support-helpdesk.xyz/verify asked for my login credentials, my wallet linked to scammer674@okaxis was compromised.",Phishing,Fake Support Link,75000,+91-7716440495,scammer674@okaxis,86379402654,http://fake-support-helpdesk.xyz/verify,
C0016,2026-01-27,Indore,Divya Kapoor,+91-8026758177,divya.kapoor903@yahoo.com,"My email account was hacked, attacker sent password reset link http://account-recovery.info/verify to change my credentials.",Hacking,Email/Account Compromise,25000,+91-7258282357,pay949@paytm,93103413164,http://account-recovery.info/verify,
C0017,2026-02-06,Pune,Neha Verma,+91-7304815754,neha.verma944@gmail.com,"My email account was hacked, attacker sent password reset link http://account-recovery.online/verify to change my credentials.",Hacking,Email/Account Compromise,50000,+91-7258282357,pay949@paytm,93103413164,http://account-recovery.online/verify,
C0018,2026-07-21,Jaipur,Suresh Yadav,+91-8196024927,suresh.yadav955@outlook.com,A cloned social media account impersonating me asked my relatives to send money to pay204@ybl.,Identity Theft,Social Media Impersonation,75000,+91-7509438221,pay204@ybl,61559407816,,
C0019,2026-03-30,Jaipur,Priya Patel,+91-9574978742,priya.patel327@outlook.com,A cloned social media account impersonating me asked my relatives to send money to pay204@ybl.,Identity Theft,Social Media Impersonation,75000,+91-7509438221,pay204@ybl,61559407816,,
C0020,2026-02-09,Pune,Sanjay Chauhan,+91-7273950620,sanjay.chauhan81@outlook.com,"Unauthorized login detected from IP 164.138.138.158, my account was compromised and used for further scams.",Hacking,Email/Account Compromise,25000,+91-7258282357,pay949@paytm,93103413164,,164.138.138.158
C0021,2026-03-26,Indore,Pooja Sharma,+91-8684741195,pooja.sharma286@outlook.com,I received a call from +91-9095224592 claiming to be from my bank asking me to update my KYC. They asked for OTP and my account was debited.,Financial Fraud,KYC/Bank Impersonation,75000,+91-9095224592,scammer859@paytm,33218196001,,
C0022,2026-02-06,Bengaluru,Rohit Iyer,+91-8022054966,rohit.iyer467@gmail.com,Someone created a fake profile using my photos and contacted my friends asking for money via pay204@ybl.,Identity Theft,Social Media Impersonation,15000,+91-7509438221,pay204@ybl,61559407816,,
C0023,2026-05-07,Delhi,Karan Joshi,+91-9788776088,karan.joshi480@yahoo.com,Someone created a fake profile using my photos and contacted my friends asking for money via pay204@ybl.,Identity Theft,Social Media Impersonation,15000,+91-7509438221,pay204@ybl,61559407816,,
C0024,2026-03-19,Ahmedabad,Pooja Sharma,+91-9368785088,pooja.sharma12@yahoo.com,"My identity was used to open a fraud account, contact number linked was +91-7509438221.",Identity Theft,Social Media Impersonation,25000,+91-7509438221,pay204@ybl,61559407816,,
C0025,2026-02-26,Delhi,Ritu Chauhan,+91-7053144180,ritu.chauhan567@outlook.com,"My identity was used to open a fraud account, contact number linked was +91-7509438221.",Identity Theft,Social Media Impersonation,10000,+91-7509438221,pay204@ybl,61559407816,,
C0026,2026-09-08,Ahmedabad,Divya Kapoor,+91-9247939958,divya.kapoor834@gmail.com,Unknown number +91-8485793320 is threatening to leak my private photos unless I pay Rs.15000 to pay266@paytm.,Sextortion,Blackmail via Video Call,15000,+91-8485793320,pay266@paytm,53419283276,,
C0027,2026-03-28,Pune,Sanjay Mehta,+91-9099152616,sanjay.mehta883@yahoo.com,"Unauthorized login detected from IP 176.28.124.17, my account was compromised and used for further scams.",Hacking,Email/Account Compromise,50000,+91-7258282357,pay949@paytm,93103413164,,176.28.124.17
C0028,2026-04-28,Bengaluru,Divya Yadav,+91-7288767240,divya.yadav865@gmail.com,I clicked a link http://fake-support-helpdesk.shop/verify sent via SMS claiming to be customer support and entered my card details. Money was stolen.,Phishing,Fake Support Link,25000,+91-7716440495,scammer674@okaxis,86379402654,http://fake-support-helpdesk.shop/verify,
C0029,2026-03-15,Lucknow,Manoj Rao,+91-7655926074,manoj.rao139@gmail.com,"A fake support website http://fake-support-helpdesk.shop/verify asked for my login credentials, my wallet linked to scammer674@okaxis was compromised.",Phishing,Fake Support Link,5000,+91-7716440495,scammer674@okaxis,86379402654,http://fake-support-helpdesk.shop/verify,
C0030,2026-03-26,Delhi,Manoj Gupta,+91-9195899838,manoj.gupta935@outlook.com,"A fake support website http://fake-support-helpdesk.shop/verify asked for my login credentials, my wallet linked to scammer674@okaxis was compromised.",Phishing,Fake Support Link,75000,+91-7716440495,scammer674@okaxis,86379402654,http://fake-support-helpdesk.shop/verify,
C0031,2026-04-07,Indore,Arjun Kapoor,+91-9715872847,arjun.kapoor808@outlook.com,"Unauthorized login detected from IP 226.97.90.140, my account was compromised and used for further scams.",Hacking,Email/Account Compromise,10000,+91-7258282357,pay949@paytm,93103413164,,226.97.90.140
C0032,2026-04-11,Nagpur,Kavita Sharma,+91-8794121157,kavita.sharma313@gmail.com,"Extortion attempt via WhatsApp from +91-8485793320, demanding payment to bank account.",Sextortion,Blackmail via Video Call,100000,+91-8485793320,pay266@paytm,53419283276,,
C0033,2026-08-18,Jaipur,Suresh Yadav,+91-8110934486,suresh.yadav509@outlook.com,I clicked a link http://fake-support-helpdesk.online/verify sent via SMS claiming to be customer support and entered my card details. Money was stolen.,Phishing,Fake Support Link,100000,+91-7716440495,scammer674@okaxis,86379402654,http://fake-support-helpdesk.online/verify,
C0034,2026-02-28,Indore,Ritu Malhotra,+91-8422022903,ritu.malhotra779@outlook.com,"Someone posing as a bank employee called from +91-9095224592, asked for OTP for 'KYC update', money got deducted from my account.",Financial Fraud,KYC/Bank Impersonation,5000,+91-9095224592,scammer859@paytm,33218196001,,
C0035,2026-04-12,Ahmedabad,Vikram Chauhan,+91-7331054113,vikram.chauhan310@yahoo.com,"My email account was hacked, attacker sent password reset link http://account-recovery.xyz/verify to change my credentials.",Hacking,Email/Account Compromise,100000,+91-7258282357,pay949@paytm,93103413164,http://account-recovery.xyz/verify,
C0036,2026-06-07,Pune,Pooja Verma,+91-9272386568,pooja.verma157@outlook.com,Unknown number +91-8485793320 is threatening to leak my private photos unless I pay Rs.50000 to pay266@paytm.,Sextortion,Blackmail via Video Call,50000,+91-8485793320,pay266@paytm,53419283276,,
C0037,2026-07-23,Indore,Manoj Iyer,+91-8320077582,manoj.iyer768@yahoo.com,Someone created a fake profile using my photos and contacted my friends asking for money via pay204@ybl.,Identity Theft,Social Media Impersonation,50000,+91-7509438221,pay204@ybl,61559407816,,
C0038,2026-09-07,Mumbai,Sneha Chauhan,+91-8172863707,sneha.chauhan303@gmail.com,"I received a video call from +91-8485793320 and was later blackmailed with a recorded video, asked to pay to pay266@paytm.",Sextortion,Blackmail via Video Call,25000,+91-8485793320,pay266@paytm,53419283276,,
C0039,2026-01-27,Indore,Pooja Gupta,+91-8120032296,pooja.gupta910@yahoo.com,"Unauthorized login detected from IP 6.82.67.244, my account was compromised and used for further scams.",Hacking,Email/Account Compromise,5000,+91-7258282357,pay949@paytm,93103413164,,6.82.67.244
C0040,2026-01-19,Bengaluru,Suresh Joshi,+91-8721638830,suresh.joshi980@gmail.com,"I received a video call from +91-8485793320 and was later blackmailed with a recorded video, asked to pay to pay266@paytm.",Sextortion,Blackmail via Video Call,100000,+91-8485793320,pay266@paytm,53419283276,,
C0041,2026-08-19,Bhopal,Amit Mehta,+91-9639288647,amit.mehta414@outlook.com,"Received threat messages from hacked account, attacker demanded money to pay949@paytm to restore access.",Hacking,Email/Account Compromise,75000,+91-7258282357,pay949@paytm,93103413164,,
C0042,2026-03-22,Jaipur,Ankit Singh,+91-7395680244,ankit.singh367@gmail.com,"My email account was hacked, attacker sent password reset link http://account-recovery.info/verify to change my credentials.",Hacking,Email/Account Compromise,100000,+91-7258282357,pay949@paytm,93103413164,http://account-recovery.info/verify,
C0043,2026-01-13,Indore,Neha Kapoor,+91-7891668079,neha.kapoor678@yahoo.com,"Received an email with link http://fake-support-helpdesk.xyz/verify asking to verify my account, after clicking I lost access and Rs.100000 was withdrawn.",Phishing,Fake Support Link,100000,+91-7716440495,scammer674@okaxis,86379402654,http://fake-support-helpdesk.xyz/verify,
C0044,2026-07-31,Ahmedabad,Manoj Malhotra,+91-8301386609,manoj.malhotra105@gmail.com,"Unauthorized login detected from IP 120.78.174.134, my account was compromised and used for further scams.",Hacking,Email/Account Compromise,25000,+91-7258282357,pay949@paytm,93103413164,,120.78.174.134
C0045,2026-03-06,Bengaluru,Divya Chauhan,+91-7875962022,divya.chauhan81@yahoo.com,Someone created a fake profile using my photos and contacted my friends asking for money via pay204@ybl.,Identity Theft,Social Media Impersonation,5000,+91-7509438221,pay204@ybl,61559407816,,
C0046,2026-05-09,Pune,Kavita Kapoor,+91-9261925389,kavita.kapoor655@yahoo.com,Someone created a fake profile using my photos and contacted my friends asking for money via pay204@ybl.,Identity Theft,Social Media Impersonation,5000,+91-7509438221,pay204@ybl,61559407816,,
C0047,2026-04-26,Mumbai,Vikram Chauhan,+91-7461622689,vikram.chauhan52@yahoo.com,"Received an email with link http://fake-support-helpdesk.shop/verify asking to verify my account, after clicking I lost access and Rs.50000 was withdrawn.",Phishing,Fake Support Link,50000,+91-7716440495,scammer674@okaxis,86379402654,http://fake-support-helpdesk.shop/verify,
C0048,2026-01-30,Jaipur,Anjali Reddy,+91-8311569839,anjali.reddy279@yahoo.com,Unknown number +91-8485793320 is threatening to leak my private photos unless I pay Rs.25000 to pay266@paytm.,Sextortion,Blackmail via Video Call,25000,+91-8485793320,pay266@paytm,53419283276,,
C0049,2026-05-17,Delhi,Sneha Malhotra,+91-7898815965,sneha.malhotra998@gmail.com,I received a call from +91-9095224592 claiming to be from my bank asking me to update my KYC. They asked for OTP and my account was debited.,Financial Fraud,KYC/Bank Impersonation,15000,+91-9095224592,scammer859@paytm,33218196001,,
C0050,2026-08-21,Lucknow,Neha Verma,+91-7974387139,neha.verma440@yahoo.com,I received a call from +91-9095224592 claiming to be from my bank asking me to update my KYC. They asked for OTP and my account was debited.,Financial Fraud,KYC/Bank Impersonation,5000,+91-9095224592,scammer859@paytm,33218196001,,
C0051,2026-02-16,Nagpur,Karan Gupta,+91-8328588558,karan.gupta993@outlook.com,"I received a video call from +91-8485793320 and was later blackmailed with a recorded video, asked to pay to pay266@paytm.",Sextortion,Blackmail via Video Call,75000,+91-8485793320,pay266@paytm,53419283276,,
C0052,2026-02-12,Ahmedabad,Ritu Mehta,+91-8989825012,ritu.mehta797@gmail.com,I received a call from +91-9095224592 claiming to be from my bank asking me to update my KYC. They asked for OTP and my account was debited.,Financial Fraud,KYC/Bank Impersonation,50000,+91-9095224592,scammer859@paytm,33218196001,,
C0053,2026-01-15,Mumbai,Karan Gupta,+91-8971538679,karan.gupta21@outlook.com,"Received threat messages from hacked account, attacker demanded money to pay949@paytm to restore access.",Hacking,Email/Account Compromise,10000,+91-7258282357,pay949@paytm,93103413164,,
C0054,2026-05-30,Lucknow,Karan Patel,+91-8665733226,karan.patel709@outlook.com,"I received a video call from +91-8485793320 and was later blackmailed with a recorded video, asked to pay to pay266@paytm.",Sextortion,Blackmail via Video Call,25000,+91-8485793320,pay266@paytm,53419283276,,
C0055,2026-06-15,Jaipur,Sneha Chauhan,+91-9466353463,sneha.chauhan989@yahoo.com,Someone created a fake profile using my photos and contacted my friends asking for money via pay204@ybl.,Identity Theft,Social Media Impersonation,75000,+91-7509438221,pay204@ybl,61559407816,,
C0056,2026-06-14,Jaipur,Ankit Rao,+91-8227060132,ankit.rao460@yahoo.com,"My identity was used to open a fraud account, contact number linked was +91-7509438221.",Identity Theft,Social Media Impersonation,5000,+91-7509438221,pay204@ybl,61559407816,,
C0057,2026-06-27,Mumbai,Ritu Mehta,+91-8003397026,ritu.mehta596@yahoo.com,"Someone posing as a bank employee called from +91-9095224592, asked for OTP for 'KYC update', money got deducted from my account.",Financial Fraud,KYC/Bank Impersonation,25000,+91-9095224592,scammer859@paytm,33218196001,,
C0058,2026-06-20,Delhi,Priya Singh,+91-7391311660,priya.singh725@gmail.com,"My email account was hacked, attacker sent password reset link http://account-recovery.online/verify to change my credentials.",Hacking,Email/Account Compromise,25000,+91-7258282357,pay949@paytm,93103413164,http://account-recovery.online/verify,
C0059,2026-06-06,Bhopal,Ritu Chauhan,+91-9826499714,ritu.chauhan902@outlook.com,"Extortion attempt via WhatsApp from +91-8485793320, demanding payment to bank account.",Sextortion,Blackmail via Video Call,75000,+91-8485793320,pay266@paytm,53419283276,,
C0060,2026-01-29,Bhopal,Isha Sharma,+91-7431811947,isha.sharma367@gmail.com,"Received an email with link http://fake-support-helpdesk.info/verify asking to verify my account, after clicking I lost access and Rs.100000 was withdrawn.",Phishing,Fake Support Link,100000,+91-7716440495,scammer674@okaxis,86379402654,http://fake-support-helpdesk.info/verify,
C0061,2026-08-30,Nagpur,Manoj Malhotra,+91-8074889964,manoj.malhotra227@outlook.com,"A fake support website http://fake-support-helpdesk.info/verify asked for my login credentials, my wallet linked to scammer674@okaxis was compromised.",Phishing,Fake Support Link,15000,+91-7716440495,scammer674@okaxis,86379402654,http://fake-support-helpdesk.info/verify,
C0062,2026-07-01,Jaipur,Suresh Kapoor,+91-9209379979,suresh.kapoor293@yahoo.com,"I received a video call from +91-8485793320 and was later blackmailed with a recorded video, asked to pay to pay266@paytm.",Sextortion,Blackmail via Video Call,100000,+91-8485793320,pay266@paytm,53419283276,,
C0063,2026-09-06,Jaipur,Manoj Malhotra,+91-9834177449,manoj.malhotra845@gmail.com,"Someone posing as a bank employee called from +91-9095224592, asked for OTP for 'KYC update', money got deducted from my account.",Financial Fraud,KYC/Bank Impersonation,5000,+91-9095224592,scammer859@paytm,33218196001,,
C0064,2026-07-06,Jaipur,Sneha Malhotra,+91-8982394614,sneha.malhotra92@gmail.com,"My email account was hacked, attacker sent password reset link http://account-recovery.online/verify to change my credentials.",Hacking,Email/Account Compromise,10000,+91-7258282357,pay949@paytm,93103413164,http://account-recovery.online/verify,
C0065,2026-08-19,Pune,Rahul Reddy,+91-8661750538,rahul.reddy683@yahoo.com,A person called from +91-9095224592 saying my bank account will be blocked unless I verify KYC. Transferred Rs.5000 via UPI to scammer859@paytm on their instruction.,Financial Fraud,KYC/Bank Impersonation,5000,+91-9095224592,scammer859@paytm,33218196001,,
C0066,2026-07-17,Bengaluru,Suresh Nair,+91-8685276680,suresh.nair457@yahoo.com,"I received a video call from +91-8485793320 and was later blackmailed with a recorded video, asked to pay to pay266@paytm.",Sextortion,Blackmail via Video Call,25000,+91-8485793320,pay266@paytm,53419283276,,
C0067,2026-05-30,Ahmedabad,Pooja Nair,+91-8713051467,pooja.nair958@yahoo.com,I received a call from +91-9095224592 claiming to be from my bank asking me to update my KYC. They asked for OTP and my account was debited.,Financial Fraud,KYC/Bank Impersonation,50000,+91-9095224592,scammer859@paytm,33218196001,,
C0068,2026-04-11,Nagpur,Manoj Nair,+91-7966593105,manoj.nair148@yahoo.com,"Extortion attempt via WhatsApp from +91-8485793320, demanding payment to bank account.",Sextortion,Blackmail via Video Call,5000,+91-8485793320,pay266@paytm,53419283276,,
C0069,2026-03-22,Bengaluru,Priya Gupta,+91-9405855268,priya.gupta999@yahoo.com,"Received an email with link http://fake-support-helpdesk.online/verify asking to verify my account, after clicking I lost access and Rs.25000 was withdrawn.",Phishing,Fake Support Link,25000,+91-7716440495,scammer674@okaxis,86379402654,http://fake-support-helpdesk.online/verify,
C0070,2026-01-20,Ahmedabad,Neha Verma,+91-9263092213,neha.verma249@gmail.com,"Someone posing as a bank employee called from +91-9095224592, asked for OTP for 'KYC update', money got deducted from my account.",Financial Fraud,KYC/Bank Impersonation,5000,+91-9095224592,scammer859@paytm,33218196001,,
C0071,2026-02-18,Mumbai,Arjun Patel,+91-8873660196,arjun.patel240@yahoo.com,A person called from +91-9095224592 saying my bank account will be blocked unless I verify KYC. Transferred Rs.15000 via UPI to scammer859@paytm on their instruction.,Financial Fraud,KYC/Bank Impersonation,15000,+91-9095224592,scammer859@paytm,33218196001,,
C0072,2026-04-19,Mumbai,Meera Chauhan,+91-8767136365,meera.chauhan731@yahoo.com,I received a call from +91-9095224592 claiming to be from my bank asking me to update my KYC. They asked for OTP and my account was debited.,Financial Fraud,KYC/Bank Impersonation,10000,+91-9095224592,scammer859@paytm,33218196001,,
C0073,2026-03-02,Bengaluru,Isha Reddy,+91-8046932005,isha.reddy652@gmail.com,"Received threat messages from hacked account, attacker demanded money to pay949@paytm to restore access.",Hacking,Email/Account Compromise,10000,+91-7258282357,pay949@paytm,93103413164,,
C0074,2026-07-18,Jaipur,Meera Iyer,+91-9411028096,meera.iyer876@outlook.com,"I received a video call from +91-8485793320 and was later blackmailed with a recorded video, asked to pay to pay266@paytm.",Sextortion,Blackmail via Video Call,15000,+91-8485793320,pay266@paytm,53419283276,,
C0075,2026-02-10,Indore,Arjun Singh,+91-8019476426,arjun.singh414@gmail.com,"Unauthorized login detected from IP 211.15.132.203, my account was compromised and used for further scams.",Hacking,Email/Account Compromise,75000,+91-7258282357,pay949@paytm,93103413164,,211.15.132.203
C0076,2026-01-17,Indore,Pooja Yadav,+91-9741675513,pooja.yadav612@outlook.com,I clicked a link http://fake-support-helpdesk.online/verify sent via SMS claiming to be customer support and entered my card details. Money was stolen.,Phishing,Fake Support Link,5000,+91-7716440495,scammer674@okaxis,86379402654,http://fake-support-helpdesk.online/verify,
C0077,2026-09-03,Bhopal,Rohit Singh,+91-8811695944,rohit.singh430@gmail.com,"My email account was hacked, attacker sent password reset link http://account-recovery.online/verify to change my credentials.",Hacking,Email/Account Compromise,25000,+91-7258282357,pay949@paytm,93103413164,http://account-recovery.online/verify,
C0078,2026-04-14,Jaipur,Suresh Mehta,+91-9414114629,suresh.mehta598@outlook.com,"My email account was hacked, attacker sent password reset link http://account-recovery.online/verify to change my credentials.",Hacking,Email/Account Compromise,75000,+91-7258282357,pay949@paytm,93103413164,http://account-recovery.online/verify,
C0079,2026-03-05,Indore,Divya Gupta,+91-7268845123,divya.gupta158@yahoo.com,A cloned social media account impersonating me asked my relatives to send money to pay204@ybl.,Identity Theft,Social Media Impersonation,50000,+91-7509438221,pay204@ybl,61559407816,,
C0080,2026-08-13,Delhi,Meera Kapoor,+91-7866625129,meera.kapoor912@gmail.com,A person called from +91-9095224592 saying my bank account will be blocked unless I verify KYC. Transferred Rs.50000 via UPI to scammer859@paytm on their instruction.,Financial Fraud,KYC/Bank Impersonation,50000,+91-9095224592,scammer859@paytm,33218196001,,
C0081,2026-06-24,Jaipur,Divya Mehta,+91-9473836698,divya.mehta424@outlook.com,"Extortion attempt via WhatsApp from +91-8485793320, demanding payment to bank account.",Sextortion,Blackmail via Video Call,15000,+91-8485793320,pay266@paytm,53419283276,,
C0082,2026-01-24,Nagpur,Ankit Yadav,+91-9100332103,ankit.yadav607@outlook.com,I clicked a link http://fake-support-helpdesk.info/verify sent via SMS claiming to be customer support and entered my card details. Money was stolen.,Phishing,Fake Support Link,75000,+91-7716440495,scammer674@okaxis,86379402654,http://fake-support-helpdesk.info/verify,
C0083,2026-06-20,Bengaluru,Kavita Iyer,+91-9785618300,kavita.iyer815@outlook.com,"My identity was used to open a fraud account, contact number linked was +91-7509438221.",Identity Theft,Social Media Impersonation,15000,+91-7509438221,pay204@ybl,61559407816,,
C0084,2026-08-05,Lucknow,Ritu Patel,+91-9022932613,ritu.patel834@outlook.com,A cloned social media account impersonating me asked my relatives to send money to pay204@ybl.,Identity Theft,Social Media Impersonation,15000,+91-7509438221,pay204@ybl,61559407816,,
C0085,2026-02-23,Ahmedabad,Priya Chauhan,+91-7707640539,priya.chauhan337@gmail.com,"Received an email with link http://fake-support-helpdesk.info/verify asking to verify my account, after clicking I lost access and Rs.10000 was withdrawn.",Phishing,Fake Support Link,10000,+91-7716440495,scammer674@okaxis,86379402654,http://fake-support-helpdesk.info/verify,
C0086,2026-01-30,Delhi,Neha Rao,+91-8223228528,neha.rao524@yahoo.com,A cloned social media account impersonating me asked my relatives to send money to pay204@ybl.,Identity Theft,Social Media Impersonation,50000,+91-7509438221,pay204@ybl,61559407816,,
C0087,2026-06-04,Indore,Pooja Verma,+91-9166340191,pooja.verma425@yahoo.com,"Extortion attempt via WhatsApp from +91-8485793320, demanding payment to bank account.",Sextortion,Blackmail via Video Call,75000,+91-8485793320,pay266@paytm,53419283276,,
C0088,2026-01-02,Mumbai,Ritu Patel,+91-7987637686,ritu.patel786@gmail.com,"A fake support website http://fake-support-helpdesk.info/verify asked for my login credentials, my wallet linked to scammer674@okaxis was compromised.",Phishing,Fake Support Link,15000,+91-7716440495,scammer674@okaxis,86379402654,http://fake-support-helpdesk.info/verify,
C0089,2026-07-11,Nagpur,Suresh Yadav,+91-7979481802,suresh.yadav882@yahoo.com,Unknown number +91-8485793320 is threatening to leak my private photos unless I pay Rs.100000 to pay266@paytm.,Sextortion,Blackmail via Video Call,100000,+91-8485793320,pay266@paytm,53419283276,,
C0090,2026-02-01,Lucknow,Pooja Gupta,+91-7436970901,pooja.gupta684@outlook.com,"Someone posing as a bank employee called from +91-9095224592, asked for OTP for 'KYC update', money got deducted from my account.",Financial Fraud,KYC/Bank Impersonation,50000,+91-9095224592,scammer859@paytm,33218196001,,
C0091,2026-06-13,Pune,Ankit Mehta,+91-7529467912,ankit.mehta565@outlook.com,A person called from +91-9095224592 saying my bank account will be blocked unless I verify KYC. Transferred Rs.100000 via UPI to scammer859@paytm on their instruction.,Financial Fraud,KYC/Bank Impersonation,100000,+91-9095224592,scammer859@paytm,33218196001,,
C0092,2026-02-27,Nagpur,Ankit Chauhan,+91-9108059628,ankit.chauhan413@gmail.com,Unknown number +91-8485793320 is threatening to leak my private photos unless I pay Rs.15000 to pay266@paytm.,Sextortion,Blackmail via Video Call,15000,+91-8485793320,pay266@paytm,53419283276,,
C0093,2026-03-15,Indore,Kavita Patel,+91-9112421835,kavita.patel630@outlook.com,I clicked a link http://fake-support-helpdesk.online/verify sent via SMS claiming to be customer support and entered my card details. Money was stolen.,Phishing,Fake Support Link,15000,+91-7716440495,scammer674@okaxis,86379402654,http://fake-support-helpdesk.online/verify,
C0094,2026-08-19,Ahmedabad,Anjali Iyer,+91-8767110157,anjali.iyer919@outlook.com,"Extortion attempt via WhatsApp from +91-8485793320, demanding payment to bank account.",Sextortion,Blackmail via Video Call,50000,+91-8485793320,pay266@paytm,53419283276,,
C0095,2026-04-07,Jaipur,Karan Mehta,+91-8486554681,karan.mehta162@yahoo.com,"Received an email with link http://fake-support-helpdesk.xyz/verify asking to verify my account, after clicking I lost access and Rs.5000 was withdrawn.",Phishing,Fake Support Link,5000,+91-7716440495,scammer674@okaxis,86379402654,http://fake-support-helpdesk.xyz/verify,
C0096,2026-02-22,Bengaluru,Rahul Sharma,+91-8339757483,rahul.sharma110@gmail.com,"Extortion attempt via WhatsApp from +91-8485793320, demanding payment to bank account.",Sextortion,Blackmail via Video Call,75000,+91-8485793320,pay266@paytm,53419283276,,
C0097,2026-05-21,Nagpur,Arjun Gupta,+91-7951449315,arjun.gupta872@gmail.com,"A fake support website http://fake-support-helpdesk.shop/verify asked for my login credentials, my wallet linked to scammer674@okaxis was compromised.",Phishing,Fake Support Link,25000,+91-7716440495,scammer674@okaxis,86379402654,http://fake-support-helpdesk.shop/verify,
C0098,2026-08-25,Lucknow,Isha Gupta,+91-8954787410,isha.gupta71@gmail.com,"Extortion attempt via WhatsApp from +91-8485793320, demanding payment to bank account.",Sextortion,Blackmail via Video Call,100000,+91-8485793320,pay266@paytm,53419283276,,
C0099,2026-05-27,Indore,Ritu Malhotra,+91-7748476692,ritu.malhotra3@gmail.com,"Received threat messages from hacked account, attacker demanded money to pay949@paytm to restore access.",Hacking,Email/Account Compromise,10000,+91-7258282357,pay949@paytm,93103413164,,
C0100,2026-08-31,Indore,Rohit Verma,+91-7280673699,rohit.verma836@gmail.com,A person called from +91-9095224592 saying my bank account will be blocked unless I verify KYC. Transferred Rs.100000 via UPI to scammer859@paytm on their instruction.,Financial Fraud,KYC/Bank Impersonation,100000,+91-9095224592,scammer859@paytm,33218196001,,
C0101,2026-06-26,Lucknow,Ankit Reddy,+91-8151968606,ankit.reddy44@outlook.com,"A fake support website http://fake-support-helpdesk.online/verify asked for my login credentials, my wallet linked to scammer674@okaxis was compromised.",Phishing,Fake Support Link,15000,+91-7716440495,scammer674@okaxis,86379402654,http://fake-support-helpdesk.online/verify,
C0102,2026-04-21,Delhi,Priya Yadav,+91-9891644664,priya.yadav745@yahoo.com,"Received an email with link http://fake-support-helpdesk.shop/verify asking to verify my account, after clicking I lost access and Rs.50000 was withdrawn.",Phishing,Fake Support Link,50000,+91-7716440495,scammer674@okaxis,86379402654,http://fake-support-helpdesk.shop/verify,
C0103,2026-03-12,Indore,Rohit Nair,+91-9144957242,rohit.nair257@gmail.com,Someone created a fake profile using my photos and contacted my friends asking for money via pay204@ybl.,Identity Theft,Social Media Impersonation,75000,+91-7509438221,pay204@ybl,61559407816,,
C0104,2026-07-25,Bengaluru,Priya Rao,+91-7717693442,priya.rao195@outlook.com,"A fake support website http://fake-support-helpdesk.shop/verify asked for my login credentials, my wallet linked to scammer674@okaxis was compromised.",Phishing,Fake Support Link,75000,+91-7716440495,scammer674@okaxis,86379402654,http://fake-support-helpdesk.shop/verify,
C0105,2026-05-18,Pune,Rohit Sharma,+91-7056175826,rohit.sharma833@outlook.com,A cloned social media account impersonating me asked my relatives to send money to pay204@ybl.,Identity Theft,Social Media Impersonation,50000,+91-7509438221,pay204@ybl,61559407816,,
C0106,2026-01-22,Pune,Karan Verma,+91-8960481267,karan.verma419@yahoo.com,Unknown number +91-8485793320 is threatening to leak my private photos unless I pay Rs.10000 to pay266@paytm.,Sextortion,Blackmail via Video Call,10000,+91-8485793320,pay266@paytm,53419283276,,
C0107,2026-08-06,Delhi,Suresh Sharma,+91-7224587992,suresh.sharma70@outlook.com,I received a call from +91-9095224592 claiming to be from my bank asking me to update my KYC. They asked for OTP and my account was debited.,Financial Fraud,KYC/Bank Impersonation,50000,+91-9095224592,scammer859@paytm,33218196001,,
C0108,2026-06-08,Delhi,Vikram Gupta,+91-8957059377,vikram.gupta158@gmail.com,I clicked a link http://fake-support-helpdesk.xyz/verify sent via SMS claiming to be customer support and entered my card details. Money was stolen.,Phishing,Fake Support Link,15000,+91-7716440495,scammer674@okaxis,86379402654,http://fake-support-helpdesk.xyz/verify,
C0109,2026-05-31,Ahmedabad,Amit Chauhan,+91-9162474178,amit.chauhan887@gmail.com,A person called from +91-9095224592 saying my bank account will be blocked unless I verify KYC. Transferred Rs.15000 via UPI to scammer859@paytm on their instruction.,Financial Fraud,KYC/Bank Impersonation,15000,+91-9095224592,scammer859@paytm,33218196001,,
C0110,2026-01-12,Ahmedabad,Vikram Gupta,+91-7867295344,vikram.gupta216@outlook.com,"A fake support website http://fake-support-helpdesk.xyz/verify asked for my login credentials, my wallet linked to scammer674@okaxis was compromised.",Phishing,Fake Support Link,50000,+91-7716440495,scammer674@okaxis,86379402654,http://fake-support-helpdesk.xyz/verify,
C0111,2026-07-05,Nagpur,Rahul Sharma,+91-7711172835,rahul.sharma214@yahoo.com,"My identity was used to open a fraud account, contact number linked was +91-7509438221.",Identity Theft,Social Media Impersonation,25000,+91-7509438221,pay204@ybl,61559407816,,
C0112,2026-02-25,Bhopal,Anjali Chauhan,+91-7198162163,anjali.chauhan519@yahoo.com,"Unauthorized login detected from IP 151.18.4.68, my account was compromised and used for further scams.",Hacking,Email/Account Compromise,100000,+91-7258282357,pay949@paytm,93103413164,,151.18.4.68
C0113,2026-04-12,Pune,Manoj Joshi,+91-7026584177,manoj.joshi886@outlook.com,"Received an email with link http://fake-support-helpdesk.shop/verify asking to verify my account, after clicking I lost access and Rs.50000 was withdrawn.",Phishing,Fake Support Link,50000,+91-7716440495,scammer674@okaxis,86379402654,http://fake-support-helpdesk.shop/verify,
C0114,2026-05-03,Nagpur,Kavita Iyer,+91-8346063665,kavita.iyer844@outlook.com,"A fake support website http://fake-support-helpdesk.xyz/verify asked for my login credentials, my wallet linked to scammer674@okaxis was compromised.",Phishing,Fake Support Link,10000,+91-7716440495,scammer674@okaxis,86379402654,http://fake-support-helpdesk.xyz/verify,
C0115,2026-07-31,Ahmedabad,Arjun Yadav,+91-7132138183,arjun.yadav856@yahoo.com,"Unauthorized login detected from IP 41.207.176.78, my account was compromised and used for further scams.",Hacking,Email/Account Compromise,15000,+91-7258282357,pay949@paytm,93103413164,,41.207.176.78
C0116,2026-07-04,Ahmedabad,Suresh Chauhan,+91-7933613515,suresh.chauhan869@outlook.com,"My email account was hacked, attacker sent password reset link http://account-recovery.xyz/verify to change my credentials.",Hacking,Email/Account Compromise,10000,+91-7258282357,pay949@paytm,93103413164,http://account-recovery.xyz/verify,
C0117,2026-04-20,Lucknow,Sneha Mehta,+91-7759763090,sneha.mehta645@gmail.com,Someone created a fake profile using my photos and contacted my friends asking for money via pay204@ybl.,Identity Theft,Social Media Impersonation,75000,+91-7509438221,pay204@ybl,61559407816,,
C0118,2026-06-24,Delhi,Pooja Mehta,+91-7016982135,pooja.mehta952@gmail.com,Someone created a fake profile using my photos and contacted my friends asking for money via pay204@ybl.,Identity Theft,Social Media Impersonation,5000,+91-7509438221,pay204@ybl,61559407816,,
C0119,2026-07-31,Delhi,Karan Mehta,+91-7233917816,karan.mehta170@yahoo.com,I received a call from +91-9095224592 claiming to be from my bank asking me to update my KYC. They asked for OTP and my account was debited.,Financial Fraud,KYC/Bank Impersonation,25000,+91-9095224592,scammer859@paytm,33218196001,,
C0120,2026-08-28,Pune,Neha Kapoor,+91-7943025974,neha.kapoor588@outlook.com,Someone created a fake profile using my photos and contacted my friends asking for money via pay204@ybl.,Identity Theft,Social Media Impersonation,75000,+91-7509438221,pay204@ybl,61559407816,,
C0121,2026-06-15,Bengaluru,Amit Singh,+91-9474387120,amit.singh560@outlook.com,"Extortion attempt via WhatsApp from +91-8485793320, demanding payment to bank account.",Sextortion,Blackmail via Video Call,100000,+91-8485793320,pay266@paytm,53419283276,,
C0122,2026-08-18,Mumbai,Neha Singh,+91-8621660578,neha.singh116@gmail.com,"Received threat messages from hacked account, attacker demanded money to pay949@paytm to restore access.",Hacking,Email/Account Compromise,50000,+91-7258282357,pay949@paytm,93103413164,,
C0123,2026-08-21,Indore,Divya Mehta,+91-9137485252,divya.mehta238@outlook.com,"My identity was used to open a fraud account, contact number linked was +91-7509438221.",Identity Theft,Social Media Impersonation,25000,+91-7509438221,pay204@ybl,61559407816,,
C0124,2026-03-03,Ahmedabad,Neha Gupta,+91-9241831737,neha.gupta776@outlook.com,Unknown number +91-8485793320 is threatening to leak my private photos unless I pay Rs.50000 to pay266@paytm.,Sextortion,Blackmail via Video Call,50000,+91-8485793320,pay266@paytm,53419283276,,
C0125,2026-03-10,Jaipur,Anjali Malhotra,+91-8681912628,anjali.malhotra886@outlook.com,"Received threat messages from hacked account, attacker demanded money to pay949@paytm to restore access.",Hacking,Email/Account Compromise,100000,+91-7258282357,pay949@paytm,93103413164,,
C0126,2026-01-20,Lucknow,Suresh Chauhan,+91-8491576949,suresh.chauhan369@gmail.com,"Unauthorized login detected from IP 183.250.148.161, my account was compromised and used for further scams.",Hacking,Email/Account Compromise,15000,+91-7258282357,pay949@paytm,93103413164,,183.250.148.161
C0127,2026-02-26,Mumbai,Pooja Yadav,+91-9675770332,pooja.yadav359@yahoo.com,I received a call from +91-9095224592 claiming to be from my bank asking me to update my KYC. They asked for OTP and my account was debited.,Financial Fraud,KYC/Bank Impersonation,100000,+91-9095224592,scammer859@paytm,33218196001,,
C0128,2026-01-31,Lucknow,Ankit Iyer,+91-9441995638,ankit.iyer19@gmail.com,Unknown number +91-8485793320 is threatening to leak my private photos unless I pay Rs.100000 to pay266@paytm.,Sextortion,Blackmail via Video Call,100000,+91-8485793320,pay266@paytm,53419283276,,
C0129,2026-01-31,Nagpur,Amit Nair,+91-7019394072,amit.nair738@outlook.com,Unknown number +91-8485793320 is threatening to leak my private photos unless I pay Rs.25000 to pay266@paytm.,Sextortion,Blackmail via Video Call,25000,+91-8485793320,pay266@paytm,53419283276,,
C0130,2026-05-31,Indore,Rahul Kapoor,+91-9530169048,rahul.kapoor469@outlook.com,Unknown number +91-8485793320 is threatening to leak my private photos unless I pay Rs.5000 to pay266@paytm.,Sextortion,Blackmail via Video Call,5000,+91-8485793320,pay266@paytm,53419283276,,
C0131,2026-05-02,Indore,Suresh Nair,+91-7298921188,suresh.nair96@yahoo.com,"Received an email with link http://fake-support-helpdesk.shop/verify asking to verify my account, after clicking I lost access and Rs.75000 was withdrawn.",Phishing,Fake Support Link,75000,+91-7716440495,scammer674@okaxis,86379402654,http://fake-support-helpdesk.shop/verify,
C0132,2026-01-20,Bengaluru,Ritu Gupta,+91-7824742321,ritu.gupta739@outlook.com,Someone created a fake profile using my photos and contacted my friends asking for money via pay204@ybl.,Identity Theft,Social Media Impersonation,10000,+91-7509438221,pay204@ybl,61559407816,,
C0133,2026-06-17,Bengaluru,Meera Malhotra,+91-8523667905,meera.malhotra453@outlook.com,I received a call from +91-9095224592 claiming to be from my bank asking me to update my KYC. They asked for OTP and my account was debited.,Financial Fraud,KYC/Bank Impersonation,15000,+91-9095224592,scammer859@paytm,33218196001,,
C0134,2026-04-09,Nagpur,Manoj Reddy,+91-8475782070,manoj.reddy287@outlook.com,I clicked a link http://fake-support-helpdesk.info/verify sent via SMS claiming to be customer support and entered my card details. Money was stolen.,Phishing,Fake Support Link,25000,+91-7716440495,scammer674@okaxis,86379402654,http://fake-support-helpdesk.info/verify,
C0135,2026-03-28,Lucknow,Sneha Malhotra,+91-8306564524,sneha.malhotra748@gmail.com,"A fake support website http://fake-support-helpdesk.online/verify asked for my login credentials, my wallet linked to scammer674@okaxis was compromised.",Phishing,Fake Support Link,75000,+91-7716440495,scammer674@okaxis,86379402654,http://fake-support-helpdesk.online/verify,
C0136,2026-07-08,Bhopal,Pooja Gupta,+91-9503638758,pooja.gupta590@yahoo.com,"My email account was hacked, attacker sent password reset link http://account-recovery.shop/verify to change my credentials.",Hacking,Email/Account Compromise,10000,+91-7258282357,pay949@paytm,93103413164,http://account-recovery.shop/verify,
C0137,2026-01-28,Delhi,Suresh Rao,+91-9115389511,suresh.rao84@yahoo.com,Unknown number +91-8485793320 is threatening to leak my private photos unless I pay Rs.25000 to pay266@paytm.,Sextortion,Blackmail via Video Call,25000,+91-8485793320,pay266@paytm,53419283276,,
C0138,2026-01-23,Indore,Priya Patel,+91-9736885255,priya.patel686@yahoo.com,Unknown number +91-8485793320 is threatening to leak my private photos unless I pay Rs.10000 to pay266@paytm.,Sextortion,Blackmail via Video Call,10000,+91-8485793320,pay266@paytm,53419283276,,
C0139,2026-01-03,Bengaluru,Vikram Sharma,+91-7004796154,vikram.sharma386@outlook.com,"Unauthorized login detected from IP 163.215.178.225, my account was compromised and used for further scams.",Hacking,Email/Account Compromise,5000,+91-7258282357,pay949@paytm,93103413164,,163.215.178.225
C0140,2026-01-18,Mumbai,Isha Joshi,+91-8210847353,isha.joshi162@yahoo.com,I received a call from +91-9095224592 claiming to be from my bank asking me to update my KYC. They asked for OTP and my account was debited.,Financial Fraud,KYC/Bank Impersonation,5000,+91-9095224592,scammer859@paytm,33218196001,,
C0141,2026-08-21,Mumbai,Ritu Reddy,+91-8635136170,ritu.reddy241@outlook.com,Unknown number +91-8485793320 is threatening to leak my private photos unless I pay Rs.10000 to pay266@paytm.,Sextortion,Blackmail via Video Call,10000,+91-8485793320,pay266@paytm,53419283276,,
C0142,2026-08-11,Nagpur,Priya Kapoor,+91-9833939400,priya.kapoor761@outlook.com,Unknown number +91-8485793320 is threatening to leak my private photos unless I pay Rs.10000 to pay266@paytm.,Sextortion,Blackmail via Video Call,10000,+91-8485793320,pay266@paytm,53419283276,,
C0143,2026-08-29,Nagpur,Sanjay Yadav,+91-7106775860,sanjay.yadav356@yahoo.com,Unknown number +91-8485793320 is threatening to leak my private photos unless I pay Rs.10000 to pay266@paytm.,Sextortion,Blackmail via Video Call,10000,+91-8485793320,pay266@paytm,53419283276,,
C0144,2026-03-15,Mumbai,Pooja Malhotra,+91-7890354020,pooja.malhotra328@outlook.com,"Someone posing as a bank employee called from +91-9095224592, asked for OTP for 'KYC update', money got deducted from my account.",Financial Fraud,KYC/Bank Impersonation,15000,+91-9095224592,scammer859@paytm,33218196001,,
C0145,2026-06-15,Bengaluru,Meera Iyer,+91-8854122499,meera.iyer917@outlook.com,Someone created a fake profile using my photos and contacted my friends asking for money via pay204@ybl.,Identity Theft,Social Media Impersonation,75000,+91-7509438221,pay204@ybl,61559407816,,
C0146,2026-01-20,Delhi,Anjali Yadav,+91-9471239571,anjali.yadav881@outlook.com,"Received an email with link http://fake-support-helpdesk.shop/verify asking to verify my account, after clicking I lost access and Rs.100000 was withdrawn.",Phishing,Fake Support Link,100000,+91-7716440495,scammer674@okaxis,86379402654,http://fake-support-helpdesk.shop/verify,
C0147,2026-03-28,Bhopal,Manoj Mehta,+91-8927782603,manoj.mehta236@outlook.com,"Someone posing as a bank employee called from +91-9095224592, asked for OTP for 'KYC update', money got deducted from my account.",Financial Fraud,KYC/Bank Impersonation,15000,+91-9095224592,scammer859@paytm,33218196001,,
C0148,2026-08-23,Bengaluru,Manoj Yadav,+91-8016595990,manoj.yadav716@outlook.com,"Received an email with link http://fake-support-helpdesk.shop/verify asking to verify my account, after clicking I lost access and Rs.75000 was withdrawn.",Phishing,Fake Support Link,75000,+91-7716440495,scammer674@okaxis,86379402654,http://fake-support-helpdesk.shop/verify,
C0149,2026-08-30,Delhi,Ritu Chauhan,+91-7339864529,ritu.chauhan934@outlook.com,Unknown number +91-8485793320 is threatening to leak my private photos unless I pay Rs.75000 to pay266@paytm.,Sextortion,Blackmail via Video Call,75000,+91-8485793320,pay266@paytm,53419283276,,
C0150,2026-08-01,Lucknow,Sneha Malhotra,+91-9280828191,sneha.malhotra778@outlook.com,"A fake support website http://fake-support-helpdesk.info/verify asked for my login credentials, my wallet linked to scammer674@okaxis was compromised.",Phishing,Fake Support Link,75000,+91-7716440495,scammer674@okaxis,86379402654,http://fake-support-helpdesk.info/verify,
C0151,2026-01-22,Bengaluru,Amit Singh,+91-9648280968,amit.singh424@outlook.com,"Unauthorized login detected from IP 193.179.171.25, my account was compromised and used for further scams.",Hacking,Email/Account Compromise,50000,+91-7258282357,pay949@paytm,93103413164,,193.179.171.25
C0152,2026-02-17,Delhi,Isha Singh,+91-9408777350,isha.singh123@yahoo.com,"Extortion attempt via WhatsApp from +91-8485793320, demanding payment to bank account.",Sextortion,Blackmail via Video Call,10000,+91-8485793320,pay266@paytm,53419283276,,
C0153,2026-08-22,Ahmedabad,Meera Chauhan,+91-8646252153,meera.chauhan398@yahoo.com,"My email account was hacked, attacker sent password reset link http://account-recovery.online/verify to change my credentials.",Hacking,Email/Account Compromise,25000,+91-7258282357,pay949@paytm,93103413164,http://account-recovery.online/verify,
C0154,2026-05-01,Lucknow,Meera Yadav,+91-8443354657,meera.yadav189@gmail.com,"Someone posing as a bank employee called from +91-9095224592, asked for OTP for 'KYC update', money got deducted from my account.",Financial Fraud,KYC/Bank Impersonation,10000,+91-9095224592,scammer859@paytm,33218196001,,
C0155,2026-03-10,Delhi,Rohit Patel,+91-7939199573,rohit.patel257@gmail.com,"I received a video call from +91-8485793320 and was later blackmailed with a recorded video, asked to pay to pay266@paytm.",Sextortion,Blackmail via Video Call,5000,+91-8485793320,pay266@paytm,53419283276,,
C0156,2026-05-16,Pune,Vikram Mehta,+91-8812811504,vikram.mehta697@outlook.com,I received a call from +91-9095224592 claiming to be from my bank asking me to update my KYC. They asked for OTP and my account was debited.,Financial Fraud,KYC/Bank Impersonation,100000,+91-9095224592,scammer859@paytm,33218196001,,
C0157,2026-02-17,Pune,Priya Rao,+91-9872914910,priya.rao10@yahoo.com,Someone created a fake profile using my photos and contacted my friends asking for money via pay204@ybl.,Identity Theft,Social Media Impersonation,25000,+91-7509438221,pay204@ybl,61559407816,,
C0158,2026-05-24,Jaipur,Neha Reddy,+91-9033730257,neha.reddy948@gmail.com,I received a call from +91-9095224592 claiming to be from my bank asking me to update my KYC. They asked for OTP and my account was debited.,Financial Fraud,KYC/Bank Impersonation,15000,+91-9095224592,scammer859@paytm,33218196001,,
C0159,2026-01-18,Pune,Sanjay Iyer,+91-7146425084,sanjay.iyer24@yahoo.com,"My identity was used to open a fraud account, contact number linked was +91-7509438221.",Identity Theft,Social Media Impersonation,25000,+91-7509438221,pay204@ybl,61559407816,,
C0160,2026-06-27,Delhi,Divya Joshi,+91-8818331871,divya.joshi502@yahoo.com,Someone created a fake profile using my photos and contacted my friends asking for money via pay204@ybl.,Identity Theft,Social Media Impersonation,50000,+91-7509438221,pay204@ybl,61559407816,,
C0161,2026-04-29,Ahmedabad,Rahul Gupta,+91-9489985952,rahul.gupta460@outlook.com,"A fake support website http://fake-support-helpdesk.info/verify asked for my login credentials, my wallet linked to scammer674@okaxis was compromised.",Phishing,Fake Support Link,10000,+91-7716440495,scammer674@okaxis,86379402654,http://fake-support-helpdesk.info/verify,
C0162,2026-05-01,Lucknow,Rohit Rao,+91-7558938752,rohit.rao851@yahoo.com,"Extortion attempt via WhatsApp from +91-8485793320, demanding payment to bank account.",Sextortion,Blackmail via Video Call,75000,+91-8485793320,pay266@paytm,53419283276,,
C0163,2026-08-06,Mumbai,Divya Nair,+91-7985428920,divya.nair826@yahoo.com,Someone created a fake profile using my photos and contacted my friends asking for money via pay204@ybl.,Identity Theft,Social Media Impersonation,15000,+91-7509438221,pay204@ybl,61559407816,,
C0164,2026-03-04,Ahmedabad,Neha Rao,+91-9306136805,neha.rao407@gmail.com,Someone created a fake profile using my photos and contacted my friends asking for money via pay204@ybl.,Identity Theft,Social Media Impersonation,10000,+91-7509438221,pay204@ybl,61559407816,,
C0165,2026-09-05,Pune,Pooja Singh,+91-8150694080,pooja.singh522@yahoo.com,I received a call from +91-9095224592 claiming to be from my bank asking me to update my KYC. They asked for OTP and my account was debited.,Financial Fraud,KYC/Bank Impersonation,75000,+91-9095224592,scammer859@paytm,33218196001,,
C0166,2026-07-01,Delhi,Divya Malhotra,+91-8427033086,divya.malhotra752@outlook.com,A person called from +91-9095224592 saying my bank account will be blocked unless I verify KYC. Transferred Rs.5000 via UPI to scammer859@paytm on their instruction.,Financial Fraud,KYC/Bank Impersonation,5000,+91-9095224592,scammer859@paytm,33218196001,,
C0167,2026-05-19,Nagpur,Anjali Patel,+91-7001888504,anjali.patel332@yahoo.com,I received a call from +91-9095224592 claiming to be from my bank asking me to update my KYC. They asked for OTP and my account was debited.,Financial Fraud,KYC/Bank Impersonation,100000,+91-9095224592,scammer859@paytm,33218196001,,
C0168,2026-08-12,Pune,Rohit Gupta,+91-9401625473,rohit.gupta790@gmail.com,"Unauthorized login detected from IP 96.33.192.200, my account was compromised and used for further scams.",Hacking,Email/Account Compromise,15000,+91-7258282357,pay949@paytm,93103413164,,96.33.192.200
C0169,2026-04-24,Nagpur,Arjun Gupta,+91-7320816630,arjun.gupta668@outlook.com,A person called from +91-9095224592 saying my bank account will be blocked unless I verify KYC. Transferred Rs.10000 via UPI to scammer859@paytm on their instruction.,Financial Fraud,KYC/Bank Impersonation,10000,+91-9095224592,scammer859@paytm,33218196001,,
C0170,2026-04-15,Bengaluru,Ankit Gupta,+91-8778071069,ankit.gupta426@gmail.com,I received a call from +91-9095224592 claiming to be from my bank asking me to update my KYC. They asked for OTP and my account was debited.,Financial Fraud,KYC/Bank Impersonation,10000,+91-9095224592,scammer859@paytm,33218196001,,
C0171,2026-05-30,Bengaluru,Rohit Kapoor,+91-8138646242,rohit.kapoor232@outlook.com,"Extortion attempt via WhatsApp from +91-8485793320, demanding payment to bank account.",Sextortion,Blackmail via Video Call,5000,+91-8485793320,pay266@paytm,53419283276,,
C0172,2026-03-06,Lucknow,Sneha Mehta,+91-9299830070,sneha.mehta211@outlook.com,"My email account was hacked, attacker sent password reset link http://account-recovery.online/verify to change my credentials.",Hacking,Email/Account Compromise,5000,+91-7258282357,pay949@paytm,93103413164,http://account-recovery.online/verify,
C0173,2026-05-10,Pune,Karan Malhotra,+91-9770232280,karan.malhotra861@outlook.com,"My email account was hacked, attacker sent password reset link http://account-recovery.online/verify to change my credentials.",Hacking,Email/Account Compromise,15000,+91-7258282357,pay949@paytm,93103413164,http://account-recovery.online/verify,
C0174,2026-02-25,Jaipur,Sneha Yadav,+91-7335595678,sneha.yadav770@gmail.com,A cloned social media account impersonating me asked my relatives to send money to pay204@ybl.,Identity Theft,Social Media Impersonation,100000,+91-7509438221,pay204@ybl,61559407816,,
C0175,2026-06-22,Indore,Meera Iyer,+91-8364986507,meera.iyer316@outlook.com,"A fake support website http://fake-support-helpdesk.online/verify asked for my login credentials, my wallet linked to scammer674@okaxis was compromised.",Phishing,Fake Support Link,50000,+91-7716440495,scammer674@okaxis,86379402654,http://fake-support-helpdesk.online/verify,
C0176,2026-08-14,Lucknow,Meera Reddy,+91-8527022924,meera.reddy823@outlook.com,"My identity was used to open a fraud account, contact number linked was +91-7509438221.",Identity Theft,Social Media Impersonation,25000,+91-7509438221,pay204@ybl,61559407816,,
C0177,2026-02-18,Bengaluru,Sanjay Nair,+91-8982472341,sanjay.nair514@gmail.com,"Received an email with link http://fake-support-helpdesk.online/verify asking to verify my account, after clicking I lost access and Rs.50000 was withdrawn.",Phishing,Fake Support Link,50000,+91-7716440495,scammer674@okaxis,86379402654,http://fake-support-helpdesk.online/verify,
C0178,2026-01-23,Nagpur,Sanjay Sharma,+91-8496611044,sanjay.sharma378@gmail.com,"Unauthorized login detected from IP 199.217.80.84, my account was compromised and used for further scams.",Hacking,Email/Account Compromise,5000,+91-7258282357,pay949@paytm,93103413164,,199.217.80.84
C0179,2026-02-03,Mumbai,Kavita Chauhan,+91-9405412872,kavita.chauhan604@outlook.com,"My email account was hacked, attacker sent password reset link http://account-recovery.xyz/verify to change my credentials.",Hacking,Email/Account Compromise,10000,+91-7258282357,pay949@paytm,93103413164,http://account-recovery.xyz/verify,
C0180,2026-03-05,Pune,Arjun Rao,+91-8828749124,arjun.rao231@yahoo.com,A cloned social media account impersonating me asked my relatives to send money to pay204@ybl.,Identity Theft,Social Media Impersonation,15000,+91-7509438221,pay204@ybl,61559407816,,
C0181,2026-01-12,Jaipur,Suresh Nair,+91-7005578146,suresh.nair948@outlook.com,"Someone posing as a bank employee called from +91-9095224592, asked for OTP for 'KYC update', money got deducted from my account.",Financial Fraud,KYC/Bank Impersonation,50000,+91-9095224592,scammer859@paytm,33218196001,,
C0182,2026-08-18,Ahmedabad,Ritu Joshi,+91-9846746009,ritu.joshi503@gmail.com,"I received a video call from +91-8485793320 and was later blackmailed with a recorded video, asked to pay to pay266@paytm.",Sextortion,Blackmail via Video Call,100000,+91-8485793320,pay266@paytm,53419283276,,
C0183,2026-03-28,Nagpur,Manoj Singh,+91-8893727117,manoj.singh580@yahoo.com,"My identity was used to open a fraud account, contact number linked was +91-7509438221.",Identity Theft,Social Media Impersonation,100000,+91-7509438221,pay204@ybl,61559407816,,
C0184,2026-04-05,Indore,Neha Malhotra,+91-8657994874,neha.malhotra350@gmail.com,"Someone posing as a bank employee called from +91-9095224592, asked for OTP for 'KYC update', money got deducted from my account.",Financial Fraud,KYC/Bank Impersonation,50000,+91-9095224592,scammer859@paytm,33218196001,,
C0185,2026-04-21,Jaipur,Ankit Rao,+91-8625713864,ankit.rao392@outlook.com,"Unauthorized login detected from IP 13.44.237.147, my account was compromised and used for further scams.",Hacking,Email/Account Compromise,5000,+91-7258282357,pay949@paytm,93103413164,,13.44.237.147
C0186,2026-07-22,Jaipur,Ritu Gupta,+91-7242368860,ritu.gupta613@yahoo.com,A cloned social media account impersonating me asked my relatives to send money to pay204@ybl.,Identity Theft,Social Media Impersonation,15000,+91-7509438221,pay204@ybl,61559407816,,
C0187,2026-07-24,Pune,Rahul Joshi,+91-9723919064,rahul.joshi839@yahoo.com,A cloned social media account impersonating me asked my relatives to send money to pay204@ybl.,Identity Theft,Social Media Impersonation,10000,+91-7509438221,pay204@ybl,61559407816,,
C0188,2026-01-23,Indore,Anjali Nair,+91-7862039067,anjali.nair380@gmail.com,"Extortion attempt via WhatsApp from +91-8485793320, demanding payment to bank account.",Sextortion,Blackmail via Video Call,5000,+91-8485793320,pay266@paytm,53419283276,,
C0189,2026-05-27,Pune,Meera Yadav,+91-9811577425,meera.yadav922@outlook.com,A cloned social media account impersonating me asked my relatives to send money to pay204@ybl.,Identity Theft,Social Media Impersonation,50000,+91-7509438221,pay204@ybl,61559407816,,
C0190,2026-02-01,Bhopal,Meera Kapoor,+91-7202039135,meera.kapoor134@gmail.com,"Received threat messages from hacked account, attacker demanded money to pay949@paytm to restore access.",Hacking,Email/Account Compromise,10000,+91-7258282357,pay949@paytm,93103413164,,
C0191,2026-06-16,Delhi,Priya Reddy,+91-8623014852,priya.reddy130@outlook.com,"Someone posing as a bank employee called from +91-9095224592, asked for OTP for 'KYC update', money got deducted from my account.",Financial Fraud,KYC/Bank Impersonation,25000,+91-9095224592,scammer859@paytm,33218196001,,
C0192,2026-06-13,Jaipur,Sanjay Nair,+91-7245287580,sanjay.nair582@gmail.com,"Received threat messages from hacked account, attacker demanded money to pay949@paytm to restore access.",Hacking,Email/Account Compromise,15000,+91-7258282357,pay949@paytm,93103413164,,
C0193,2026-05-17,Ahmedabad,Anjali Verma,+91-7159287846,anjali.verma50@outlook.com,"Unauthorized login detected from IP 225.164.66.198, my account was compromised and used for further scams.",Hacking,Email/Account Compromise,75000,+91-7258282357,pay949@paytm,93103413164,,225.164.66.198
C0194,2026-08-31,Delhi,Isha Sharma,+91-9098174797,isha.sharma450@gmail.com,"Extortion attempt via WhatsApp from +91-8485793320, demanding payment to bank account.",Sextortion,Blackmail via Video Call,25000,+91-8485793320,pay266@paytm,53419283276,,
C0195,2026-08-29,Bengaluru,Isha Verma,+91-9473828909,isha.verma204@outlook.com,I clicked a link http://fake-support-helpdesk.shop/verify sent via SMS claiming to be customer support and entered my card details. Money was stolen.,Phishing,Fake Support Link,5000,+91-7716440495,scammer674@okaxis,86379402654,http://fake-support-helpdesk.shop/verify,
C0196,2026-07-16,Ahmedabad,Arjun Reddy,+91-8965972014,arjun.reddy734@outlook.com,Unknown number +91-8485793320 is threatening to leak my private photos unless I pay Rs.100000 to pay266@paytm.,Sextortion,Blackmail via Video Call,100000,+91-8485793320,pay266@paytm,53419283276,,
C0197,2026-03-28,Delhi,Kavita Singh,+91-9721099742,kavita.singh476@outlook.com,"A fake support website http://fake-support-helpdesk.shop/verify asked for my login credentials, my wallet linked to scammer674@okaxis was compromised.",Phishing,Fake Support Link,75000,+91-7716440495,scammer674@okaxis,86379402654,http://fake-support-helpdesk.shop/verify,
C0198,2026-04-14,Pune,Isha Kapoor,+91-8639980776,isha.kapoor506@yahoo.com,"Someone posing as a bank employee called from +91-9095224592, asked for OTP for 'KYC update', money got deducted from my account.",Financial Fraud,KYC/Bank Impersonation,15000,+91-9095224592,scammer859@paytm,33218196001,,
C0199,2026-03-28,Jaipur,Anjali Verma,+91-9909727536,anjali.verma351@yahoo.com,"My email account was hacked, attacker sent password reset link http://account-recovery.online/verify to change my credentials.",Hacking,Email/Account Compromise,15000,+91-7258282357,pay949@paytm,93103413164,http://account-recovery.online/verify,
C0200,2026-08-09,Bengaluru,Kavita Verma,+91-8886666267,kavita.verma588@yahoo.com,"Received an email with link http://fake-support-helpdesk.online/verify asking to verify my account, after clicking I lost access and Rs.100000 was withdrawn.",Phishing,Fake Support Link,100000,+91-7716440495,scammer674@okaxis,86379402654,http://fake-support-helpdesk.online/verify,
C0201,2026-03-09,Nagpur,Meera Gupta,+91-8600842914,meera.gupta928@gmail.com,A person called from +91-9095224592 saying my bank account will be blocked unless I verify KYC. Transferred Rs.15000 via UPI to scammer859@paytm on their instruction.,Financial Fraud,KYC/Bank Impersonation,15000,+91-9095224592,scammer859@paytm,33218196001,,
C0202,2026-01-15,Lucknow,Anjali Sharma,+91-8734856849,anjali.sharma786@outlook.com,"Unauthorized login detected from IP 230.208.200.72, my account was compromised and used for further scams.",Hacking,Email/Account Compromise,50000,+91-7258282357,pay949@paytm,93103413164,,230.208.200.72
C0203,2026-06-25,Bhopal,Amit Malhotra,+91-7497129555,amit.malhotra831@outlook.com,A person called from +91-9095224592 saying my bank account will be blocked unless I verify KYC. Transferred Rs.5000 via UPI to scammer859@paytm on their instruction.,Financial Fraud,KYC/Bank Impersonation,5000,+91-9095224592,scammer859@paytm,33218196001,,
C0204,2026-04-27,Nagpur,Vikram Yadav,+91-8983866387,vikram.yadav102@outlook.com,"A fake support website http://fake-support-helpdesk.online/verify asked for my login credentials, my wallet linked to scammer674@okaxis was compromised.",Phishing,Fake Support Link,75000,+91-7716440495,scammer674@okaxis,86379402654,http://fake-support-helpdesk.online/verify,
C0205,2026-03-26,Indore,Sneha Kapoor,+91-8346156346,sneha.kapoor895@outlook.com,"A fake support website http://fake-support-helpdesk.xyz/verify asked for my login credentials, my wallet linked to scammer674@okaxis was compromised.",Phishing,Fake Support Link,15000,+91-7716440495,scammer674@okaxis,86379402654,http://fake-support-helpdesk.xyz/verify,
C0206,2026-07-02,Indore,Meera Nair,+91-8134967983,meera.nair672@yahoo.com,"My identity was used to open a fraud account, contact number linked was +91-7509438221.",Identity Theft,Social Media Impersonation,100000,+91-7509438221,pay204@ybl,61559407816,,
C0207,2026-06-15,Indore,Priya Patel,+91-8473858637,priya.patel95@outlook.com,"My identity was used to open a fraud account, contact number linked was +91-7509438221.",Identity Theft,Social Media Impersonation,25000,+91-7509438221,pay204@ybl,61559407816,,
C0208,2026-01-09,Lucknow,Sneha Sharma,+91-8958898083,sneha.sharma721@gmail.com,A cloned social media account impersonating me asked my relatives to send money to pay204@ybl.,Identity Theft,Social Media Impersonation,25000,+91-7509438221,pay204@ybl,61559407816,,
C0209,2026-01-22,Jaipur,Anjali Malhotra,+91-7444670515,anjali.malhotra187@gmail.com,A person called from +91-9095224592 saying my bank account will be blocked unless I verify KYC. Transferred Rs.10000 via UPI to scammer859@paytm on their instruction.,Financial Fraud,KYC/Bank Impersonation,10000,+91-9095224592,scammer859@paytm,33218196001,,
C0210,2026-03-13,Delhi,Amit Joshi,+91-8918067132,amit.joshi651@yahoo.com,I received a call from +91-9095224592 claiming to be from my bank asking me to update my KYC. They asked for OTP and my account was debited.,Financial Fraud,KYC/Bank Impersonation,100000,+91-9095224592,scammer859@paytm,33218196001,,
C0211,2026-02-24,Bengaluru,Sanjay Verma,+91-8084857290,sanjay.verma301@gmail.com,"Extortion attempt via WhatsApp from +91-8485793320, demanding payment to bank account.",Sextortion,Blackmail via Video Call,10000,+91-8485793320,pay266@paytm,53419283276,,
C0212,2026-07-28,Delhi,Sneha Patel,+91-7774223474,sneha.patel150@yahoo.com,"A fake support website http://fake-support-helpdesk.shop/verify asked for my login credentials, my wallet linked to scammer674@okaxis was compromised.",Phishing,Fake Support Link,10000,+91-7716440495,scammer674@okaxis,86379402654,http://fake-support-helpdesk.shop/verify,
C0213,2026-03-02,Lucknow,Anjali Chauhan,+91-7086157303,anjali.chauhan568@outlook.com,"Received an email with link http://fake-support-helpdesk.xyz/verify asking to verify my account, after clicking I lost access and Rs.50000 was withdrawn.",Phishing,Fake Support Link,50000,+91-7716440495,scammer674@okaxis,86379402654,http://fake-support-helpdesk.xyz/verify,
C0214,2026-08-09,Ahmedabad,Ritu Mehta,+91-8379057895,ritu.mehta560@outlook.com,"Received threat messages from hacked account, attacker demanded money to pay949@paytm to restore access.",Hacking,Email/Account Compromise,5000,+91-7258282357,pay949@paytm,93103413164,,
C0215,2026-08-22,Indore,Divya Verma,+91-7285160868,divya.verma570@yahoo.com,"Received threat messages from hacked account, attacker demanded money to pay949@paytm to restore access.",Hacking,Email/Account Compromise,25000,+91-7258282357,pay949@paytm,93103413164,,
C0216,2026-08-19,Indore,Priya Iyer,+91-8055489730,priya.iyer152@gmail.com,"Received an email with link http://fake-support-helpdesk.online/verify asking to verify my account, after clicking I lost access and Rs.25000 was withdrawn.",Phishing,Fake Support Link,25000,+91-7716440495,scammer674@okaxis,86379402654,http://fake-support-helpdesk.online/verify,
C0217,2026-03-05,Indore,Kavita Iyer,+91-7084934385,kavita.iyer512@outlook.com,I clicked a link http://fake-support-helpdesk.shop/verify sent via SMS claiming to be customer support and entered my card details. Money was stolen.,Phishing,Fake Support Link,50000,+91-7716440495,scammer674@okaxis,86379402654,http://fake-support-helpdesk.shop/verify,
C0218,2026-08-23,Lucknow,Ankit Singh,+91-7468144718,ankit.singh143@gmail.com,"Someone posing as a bank employee called from +91-9095224592, asked for OTP for 'KYC update', money got deducted from my account.",Financial Fraud,KYC/Bank Impersonation,75000,+91-9095224592,scammer859@paytm,33218196001,,
C0219,2026-03-16,Pune,Ankit Chauhan,+91-8987521338,ankit.chauhan289@yahoo.com,"Extortion attempt via WhatsApp from +91-8485793320, demanding payment to bank account.",Sextortion,Blackmail via Video Call,50000,+91-8485793320,pay266@paytm,53419283276,,
C0220,2026-03-14,Lucknow,Anjali Sharma,+91-7233240595,anjali.sharma947@yahoo.com,A person called from +91-9095224592 saying my bank account will be blocked unless I verify KYC. Transferred Rs.25000 via UPI to scammer859@paytm on their instruction.,Financial Fraud,KYC/Bank Impersonation,25000,+91-9095224592,scammer859@paytm,33218196001,,
C0221,2026-07-04,Bengaluru,Manoj Malhotra,+91-7622030885,manoj.malhotra511@outlook.com,"A fake support website http://fake-support-helpdesk.info/verify asked for my login credentials, my wallet linked to scammer674@okaxis was compromised.",Phishing,Fake Support Link,25000,+91-7716440495,scammer674@okaxis,86379402654,http://fake-support-helpdesk.info/verify,
C0222,2026-05-04,Bengaluru,Karan Kapoor,+91-9174898643,karan.kapoor657@yahoo.com,"Extortion attempt via WhatsApp from +91-8485793320, demanding payment to bank account.",Sextortion,Blackmail via Video Call,10000,+91-8485793320,pay266@paytm,53419283276,,
C0223,2026-04-26,Lucknow,Divya Singh,+91-7747556636,divya.singh567@yahoo.com,Someone created a fake profile using my photos and contacted my friends asking for money via pay204@ybl.,Identity Theft,Social Media Impersonation,15000,+91-7509438221,pay204@ybl,61559407816,,
C0224,2026-07-14,Lucknow,Vikram Iyer,+91-7759318239,vikram.iyer271@yahoo.com,"I received a video call from +91-8485793320 and was later blackmailed with a recorded video, asked to pay to pay266@paytm.",Sextortion,Blackmail via Video Call,10000,+91-8485793320,pay266@paytm,53419283276,,
C0225,2026-06-08,Ahmedabad,Pooja Verma,+91-9990973334,pooja.verma676@yahoo.com,A cloned social media account impersonating me asked my relatives to send money to pay204@ybl.,Identity Theft,Social Media Impersonation,10000,+91-7509438221,pay204@ybl,61559407816,,
C0226,2026-07-28,Mumbai,Karan Kapoor,+91-9639217780,karan.kapoor584@yahoo.com,"My identity was used to open a fraud account, contact number linked was +91-7509438221.",Identity Theft,Social Media Impersonation,100000,+91-7509438221,pay204@ybl,61559407816,,
C0227,2026-07-17,Mumbai,Sanjay Yadav,+91-9482054520,sanjay.yadav985@yahoo.com,"Extortion attempt via WhatsApp from +91-8485793320, demanding payment to bank account.",Sextortion,Blackmail via Video Call,100000,+91-8485793320,pay266@paytm,53419283276,,
C0228,2026-07-04,Mumbai,Anjali Malhotra,+91-8455590031,anjali.malhotra292@outlook.com,"A fake support website http://fake-support-helpdesk.online/verify asked for my login credentials, my wallet linked to scammer674@okaxis was compromised.",Phishing,Fake Support Link,100000,+91-7716440495,scammer674@okaxis,86379402654,http://fake-support-helpdesk.online/verify,
C0229,2026-08-02,Mumbai,Karan Kapoor,+91-8636182173,karan.kapoor671@outlook.com,"My identity was used to open a fraud account, contact number linked was +91-7509438221.",Identity Theft,Social Media Impersonation,15000,+91-7509438221,pay204@ybl,61559407816,,
C0230,2026-04-26,Nagpur,Meera Rao,+91-7482867340,meera.rao94@gmail.com,I clicked a link http://fake-support-helpdesk.shop/verify sent via SMS claiming to be customer support and entered my card details. Money was stolen.,Phishing,Fake Support Link,75000,+91-7716440495,scammer674@okaxis,86379402654,http://fake-support-helpdesk.shop/verify,
C0231,2026-07-23,Pune,Vikram Sharma,+91-8828719232,vikram.sharma589@gmail.com,Unknown number +91-8485793320 is threatening to leak my private photos unless I pay Rs.75000 to pay266@paytm.,Sextortion,Blackmail via Video Call,75000,+91-8485793320,pay266@paytm,53419283276,,
C0232,2026-08-28,Lucknow,Pooja Patel,+91-8876640886,pooja.patel488@yahoo.com,"My email account was hacked, attacker sent password reset link http://account-recovery.online/verify to change my credentials.",Hacking,Email/Account Compromise,100000,+91-7258282357,pay949@paytm,93103413164,http://account-recovery.online/verify,
C0233,2026-05-28,Delhi,Suresh Mehta,+91-8604221539,suresh.mehta133@outlook.com,"My email account was hacked, attacker sent password reset link http://account-recovery.shop/verify to change my credentials.",Hacking,Email/Account Compromise,5000,+91-7258282357,pay949@paytm,93103413164,http://account-recovery.shop/verify,
C0234,2026-01-15,Mumbai,Sanjay Rao,+91-7108369827,sanjay.rao52@yahoo.com,"Received threat messages from hacked account, attacker demanded money to pay949@paytm to restore access.",Hacking,Email/Account Compromise,5000,+91-7258282357,pay949@paytm,93103413164,,
C0235,2026-07-04,Delhi,Karan Reddy,+91-8343495823,karan.reddy994@gmail.com,I received a call from +91-9095224592 claiming to be from my bank asking me to update my KYC. They asked for OTP and my account was debited.,Financial Fraud,KYC/Bank Impersonation,100000,+91-9095224592,scammer859@paytm,33218196001,,
C0236,2026-08-15,Jaipur,Meera Gupta,+91-9146022978,meera.gupta854@yahoo.com,"Received an email with link http://fake-support-helpdesk.online/verify asking to verify my account, after clicking I lost access and Rs.25000 was withdrawn.",Phishing,Fake Support Link,25000,+91-7716440495,scammer674@okaxis,86379402654,http://fake-support-helpdesk.online/verify,
C0237,2026-06-26,Bhopal,Karan Singh,+91-9925023970,karan.singh798@yahoo.com,"Someone posing as a bank employee called from +91-9095224592, asked for OTP for 'KYC update', money got deducted from my account.",Financial Fraud,KYC/Bank Impersonation,75000,+91-9095224592,scammer859@paytm,33218196001,,
C0238,2026-07-17,Ahmedabad,Sneha Sharma,+91-9262475597,sneha.sharma155@yahoo.com,Someone created a fake profile using my photos and contacted my friends asking for money via pay204@ybl.,Identity Theft,Social Media Impersonation,15000,+91-7509438221,pay204@ybl,61559407816,,
C0239,2026-02-13,Delhi,Suresh Yadav,+91-9360381636,suresh.yadav501@gmail.com,"My identity was used to open a fraud account, contact number linked was +91-7509438221.",Identity Theft,Social Media Impersonation,75000,+91-7509438221,pay204@ybl,61559407816,,
C0240,2026-04-08,Delhi,Rohit Yadav,+91-7454945247,rohit.yadav309@yahoo.com,"My identity was used to open a fraud account, contact number linked was +91-7509438221.",Identity Theft,Social Media Impersonation,25000,+91-7509438221,pay204@ybl,61559407816,,
C0241,2026-02-20,Ahmedabad,Priya Malhotra,+91-8596453365,priya.malhotra366@gmail.com,"Extortion attempt via WhatsApp from +91-8485793320, demanding payment to bank account.",Sextortion,Blackmail via Video Call,25000,+91-8485793320,pay266@paytm,53419283276,,
C0242,2026-02-28,Bhopal,Amit Rao,+91-9637951347,amit.rao411@yahoo.com,"Someone posing as a bank employee called from +91-9095224592, asked for OTP for 'KYC update', money got deducted from my account.",Financial Fraud,KYC/Bank Impersonation,75000,+91-9095224592,scammer859@paytm,33218196001,,
C0243,2026-05-07,Indore,Meera Patel,+91-9476516175,meera.patel882@gmail.com,A person called from +91-9095224592 saying my bank account will be blocked unless I verify KYC. Transferred Rs.75000 via UPI to scammer859@paytm on their instruction.,Financial Fraud,KYC/Bank Impersonation,75000,+91-9095224592,scammer859@paytm,33218196001,,
C0244,2026-04-08,Ahmedabad,Sanjay Nair,+91-9238441566,sanjay.nair510@outlook.com,"Someone posing as a bank employee called from +91-9095224592, asked for OTP for 'KYC update', money got deducted from my account.",Financial Fraud,KYC/Bank Impersonation,75000,+91-9095224592,scammer859@paytm,33218196001,,
C0245,2026-03-18,Jaipur,Rahul Malhotra,+91-9796564921,rahul.malhotra552@outlook.com,A person called from +91-9095224592 saying my bank account will be blocked unless I verify KYC. Transferred Rs.25000 via UPI to scammer859@paytm on their instruction.,Financial Fraud,KYC/Bank Impersonation,25000,+91-9095224592,scammer859@paytm,33218196001,,
C0246,2026-04-24,Bhopal,Meera Iyer,+91-7667045003,meera.iyer563@gmail.com,A person called from +91-9095224592 saying my bank account will be blocked unless I verify KYC. Transferred Rs.5000 via UPI to scammer859@paytm on their instruction.,Financial Fraud,KYC/Bank Impersonation,5000,+91-9095224592,scammer859@paytm,33218196001,,
C0247,2026-04-21,Indore,Ritu Joshi,+91-7928198895,ritu.joshi695@outlook.com,"Received an email with link http://fake-support-helpdesk.info/verify asking to verify my account, after clicking I lost access and Rs.25000 was withdrawn.",Phishing,Fake Support Link,25000,+91-7716440495,scammer674@okaxis,86379402654,http://fake-support-helpdesk.info/verify,
C0248,2026-01-30,Indore,Karan Reddy,+91-8560568756,karan.reddy797@yahoo.com,I clicked a link http://fake-support-helpdesk.xyz/verify sent via SMS claiming to be customer support and entered my card details. Money was stolen.,Phishing,Fake Support Link,10000,+91-7716440495,scammer674@okaxis,86379402654,http://fake-support-helpdesk.xyz/verify,
C0249,2026-07-25,Lucknow,Vikram Singh,+91-9953047700,vikram.singh694@outlook.com,A person called from +91-9095224592 saying my bank account will be blocked unless I verify KYC. Transferred Rs.75000 via UPI to scammer859@paytm on their instruction.,Financial Fraud,KYC/Bank Impersonation,75000,+91-9095224592,scammer859@paytm,33218196001,,
C0250,2026-04-24,Pune,Karan Mehta,+91-9609446002,karan.mehta606@gmail.com,"A fake support website http://fake-support-helpdesk.shop/verify asked for my login credentials, my wallet linked to scammer674@okaxis was compromised.",Phishing,Fake Support Link,50000,+91-7716440495,scammer674@okaxis,86379402654,http://fake-support-helpdesk.shop/verify,
C0251,2026-05-30,Nagpur,Divya Patel,+91-7485266333,divya.patel131@gmail.com,I received a call from +91-9095224592 claiming to be from my bank asking me to update my KYC. They asked for OTP and my account was debited.,Financial Fraud,KYC/Bank Impersonation,5000,+91-9095224592,scammer859@paytm,33218196001,,
C0252,2026-04-24,Bengaluru,Vikram Kapoor,+91-9494745358,vikram.kapoor105@gmail.com,"My identity was used to open a fraud account, contact number linked was +91-7509438221.",Identity Theft,Social Media Impersonation,15000,+91-7509438221,pay204@ybl,61559407816,,
C0253,2026-01-21,Delhi,Karan Joshi,+91-7785932782,karan.joshi566@gmail.com,I received a call from +91-9095224592 claiming to be from my bank asking me to update my KYC. They asked for OTP and my account was debited.,Financial Fraud,KYC/Bank Impersonation,50000,+91-9095224592,scammer859@paytm,33218196001,,
C0254,2026-02-16,Indore,Vikram Gupta,+91-8597753598,vikram.gupta647@gmail.com,"My email account was hacked, attacker sent password reset link http://account-recovery.online/verify to change my credentials.",Hacking,Email/Account Compromise,15000,+91-7258282357,pay949@paytm,93103413164,http://account-recovery.online/verify,
C0255,2026-06-23,Ahmedabad,Arjun Singh,+91-8443770513,arjun.singh788@yahoo.com,"A fake support website http://fake-support-helpdesk.online/verify asked for my login credentials, my wallet linked to scammer674@okaxis was compromised.",Phishing,Fake Support Link,10000,+91-7716440495,scammer674@okaxis,86379402654,http://fake-support-helpdesk.online/verify,
C0256,2026-03-25,Nagpur,Kavita Verma,+91-8447825235,kavita.verma697@gmail.com,A cloned social media account impersonating me asked my relatives to send money to pay204@ybl.,Identity Theft,Social Media Impersonation,5000,+91-7509438221,pay204@ybl,61559407816,,
C0257,2026-06-27,Ahmedabad,Vikram Gupta,+91-9578856769,vikram.gupta229@outlook.com,"Received threat messages from hacked account, attacker demanded money to pay949@paytm to restore access.",Hacking,Email/Account Compromise,25000,+91-7258282357,pay949@paytm,93103413164,,
C0258,2026-04-04,Bengaluru,Rahul Singh,+91-7645769972,rahul.singh117@yahoo.com,"My identity was used to open a fraud account, contact number linked was +91-7509438221.",Identity Theft,Social Media Impersonation,100000,+91-7509438221,pay204@ybl,61559407816,,
C0259,2026-02-07,Bengaluru,Sneha Gupta,+91-9714742447,sneha.gupta780@outlook.com,"My identity was used to open a fraud account, contact number linked was +91-7509438221.",Identity Theft,Social Media Impersonation,5000,+91-7509438221,pay204@ybl,61559407816,,
C0260,2026-06-21,Jaipur,Kavita Singh,+91-8328586818,kavita.singh206@outlook.com,"Extortion attempt via WhatsApp from +91-8485793320, demanding payment to bank account.",Sextortion,Blackmail via Video Call,5000,+91-8485793320,pay266@paytm,53419283276,,
C0261,2026-08-24,Ahmedabad,Amit Nair,+91-8665427892,amit.nair885@gmail.com,A person called from +91-9095224592 saying my bank account will be blocked unless I verify KYC. Transferred Rs.25000 via UPI to scammer859@paytm on their instruction.,Financial Fraud,KYC/Bank Impersonation,25000,+91-9095224592,scammer859@paytm,33218196001,,
C0262,2026-05-24,Delhi,Meera Gupta,+91-9227253992,meera.gupta671@gmail.com,"Unauthorized login detected from IP 190.67.186.207, my account was compromised and used for further scams.",Hacking,Email/Account Compromise,5000,+91-7258282357,pay949@paytm,93103413164,,190.67.186.207
C0263,2026-01-09,Ahmedabad,Arjun Sharma,+91-7502799006,arjun.sharma461@yahoo.com,I clicked a link http://fake-support-helpdesk.shop/verify sent via SMS claiming to be customer support and entered my card details. Money was stolen.,Phishing,Fake Support Link,5000,+91-7716440495,scammer674@okaxis,86379402654,http://fake-support-helpdesk.shop/verify,
C0264,2026-07-13,Mumbai,Kavita Mehta,+91-8406595915,kavita.mehta94@outlook.com,A cloned social media account impersonating me asked my relatives to send money to pay204@ybl.,Identity Theft,Social Media Impersonation,10000,+91-7509438221,pay204@ybl,61559407816,,
C0265,2026-06-17,Delhi,Karan Nair,+91-8198761445,karan.nair229@outlook.com,"Extortion attempt via WhatsApp from +91-8485793320, demanding payment to bank account.",Sextortion,Blackmail via Video Call,10000,+91-8485793320,pay266@paytm,53419283276,,
C0266,2026-09-08,Ahmedabad,Anjali Kapoor,+91-9269242537,anjali.kapoor281@yahoo.com,"I received a video call from +91-8485793320 and was later blackmailed with a recorded video, asked to pay to pay266@paytm.",Sextortion,Blackmail via Video Call,5000,+91-8485793320,pay266@paytm,53419283276,,
C0267,2026-03-30,Delhi,Rohit Yadav,+91-7903234704,rohit.yadav960@outlook.com,"My identity was used to open a fraud account, contact number linked was +91-7509438221.",Identity Theft,Social Media Impersonation,75000,+91-7509438221,pay204@ybl,61559407816,,
C0268,2026-03-18,Lucknow,Rahul Mehta,+91-8036019508,rahul.mehta10@yahoo.com,"Someone posing as a bank employee called from +91-9095224592, asked for OTP for 'KYC update', money got deducted from my account.",Financial Fraud,KYC/Bank Impersonation,15000,+91-9095224592,scammer859@paytm,33218196001,,
C0269,2026-09-05,Bhopal,Amit Rao,+91-8897881066,amit.rao63@outlook.com,A person called from +91-9095224592 saying my bank account will be blocked unless I verify KYC. Transferred Rs.15000 via UPI to scammer859@paytm on their instruction.,Financial Fraud,KYC/Bank Impersonation,15000,+91-9095224592,scammer859@paytm,33218196001,,
C0270,2026-01-10,Pune,Ankit Mehta,+91-8614225220,ankit.mehta100@gmail.com,"Received an email with link http://fake-support-helpdesk.online/verify asking to verify my account, after clicking I lost access and Rs.75000 was withdrawn.",Phishing,Fake Support Link,75000,+91-7716440495,scammer674@okaxis,86379402654,http://fake-support-helpdesk.online/verify,
C0271,2026-04-18,Mumbai,Neha Iyer,+91-9105878919,neha.iyer256@outlook.com,"Unauthorized login detected from IP 23.72.99.36, my account was compromised and used for further scams.",Hacking,Email/Account Compromise,50000,+91-7258282357,pay949@paytm,93103413164,,23.72.99.36
C0272,2026-03-03,Delhi,Neha Iyer,+91-8018282199,neha.iyer15@outlook.com,"Someone posing as a bank employee called from +91-9095224592, asked for OTP for 'KYC update', money got deducted from my account.",Financial Fraud,KYC/Bank Impersonation,25000,+91-9095224592,scammer859@paytm,33218196001,,
C0273,2026-01-08,Mumbai,Rahul Yadav,+91-8220474066,rahul.yadav609@yahoo.com,"Unauthorized login detected from IP 163.237.32.175, my account was compromised and used for further scams.",Hacking,Email/Account Compromise,100000,+91-7258282357,pay949@paytm,93103413164,,163.237.32.175
C0274,2026-05-05,Delhi,Vikram Gupta,+91-7639360324,vikram.gupta987@outlook.com,"My identity was used to open a fraud account, contact number linked was +91-7509438221.",Identity Theft,Social Media Impersonation,100000,+91-7509438221,pay204@ybl,61559407816,,
C0275,2026-02-03,Delhi,Meera Mehta,+91-8651181105,meera.mehta711@outlook.com,"I received a video call from +91-8485793320 and was later blackmailed with a recorded video, asked to pay to pay266@paytm.",Sextortion,Blackmail via Video Call,10000,+91-8485793320,pay266@paytm,53419283276,,
C0276,2026-04-09,Indore,Arjun Rao,+91-8228539430,arjun.rao29@yahoo.com,"Received an email with link http://fake-support-helpdesk.xyz/verify asking to verify my account, after clicking I lost access and Rs.5000 was withdrawn.",Phishing,Fake Support Link,5000,+91-7716440495,scammer674@okaxis,86379402654,http://fake-support-helpdesk.xyz/verify,
C0277,2026-01-14,Bengaluru,Anjali Reddy,+91-7215953213,anjali.reddy97@outlook.com,"Received an email with link http://fake-support-helpdesk.online/verify asking to verify my account, after clicking I lost access and Rs.15000 was withdrawn.",Phishing,Fake Support Link,15000,+91-7716440495,scammer674@okaxis,86379402654,http://fake-support-helpdesk.online/verify,
C0278,2026-03-18,Ahmedabad,Vikram Reddy,+91-8102276494,vikram.reddy849@outlook.com,"A fake support website http://fake-support-helpdesk.online/verify asked for my login credentials, my wallet linked to scammer674@okaxis was compromised.",Phishing,Fake Support Link,15000,+91-7716440495,scammer674@okaxis,86379402654,http://fake-support-helpdesk.online/verify,
C0279,2026-06-17,Bhopal,Manoj Iyer,+91-7306363120,manoj.iyer389@yahoo.com,A cloned social media account impersonating me asked my relatives to send money to pay204@ybl.,Identity Theft,Social Media Impersonation,10000,+91-7509438221,pay204@ybl,61559407816,,
C0280,2026-02-21,Bhopal,Meera Sharma,+91-9035929973,meera.sharma245@gmail.com,A person called from +91-9095224592 saying my bank account will be blocked unless I verify KYC. Transferred Rs.10000 via UPI to scammer859@paytm on their instruction.,Financial Fraud,KYC/Bank Impersonation,10000,+91-9095224592,scammer859@paytm,33218196001,,
C0281,2026-03-19,Mumbai,Anjali Verma,+91-8260573335,anjali.verma110@gmail.com,A person called from +91-9095224592 saying my bank account will be blocked unless I verify KYC. Transferred Rs.15000 via UPI to scammer859@paytm on their instruction.,Financial Fraud,KYC/Bank Impersonation,15000,+91-9095224592,scammer859@paytm,33218196001,,
C0282,2026-02-18,Pune,Priya Reddy,+91-8169716265,priya.reddy887@outlook.com,"Received an email with link http://fake-support-helpdesk.online/verify asking to verify my account, after clicking I lost access and Rs.50000 was withdrawn.",Phishing,Fake Support Link,50000,+91-7716440495,scammer674@okaxis,86379402654,http://fake-support-helpdesk.online/verify,
C0283,2026-07-05,Ahmedabad,Suresh Verma,+91-9491078765,suresh.verma612@yahoo.com,"Someone posing as a bank employee called from +91-9095224592, asked for OTP for 'KYC update', money got deducted from my account.",Financial Fraud,KYC/Bank Impersonation,50000,+91-9095224592,scammer859@paytm,33218196001,,
C0284,2026-03-13,Jaipur,Amit Nair,+91-7826620735,amit.nair482@gmail.com,A person called from +91-9095224592 saying my bank account will be blocked unless I verify KYC. Transferred Rs.10000 via UPI to scammer859@paytm on their instruction.,Financial Fraud,KYC/Bank Impersonation,10000,+91-9095224592,scammer859@paytm,33218196001,,
C0285,2026-01-09,Ahmedabad,Divya Gupta,+91-9028990868,divya.gupta252@outlook.com,"Unauthorized login detected from IP 72.115.227.39, my account was compromised and used for further scams.",Hacking,Email/Account Compromise,10000,+91-7258282357,pay949@paytm,93103413164,,72.115.227.39
C0286,2026-03-15,Nagpur,Karan Joshi,+91-9884055071,karan.joshi899@yahoo.com,"Received threat messages from hacked account, attacker demanded money to pay949@paytm to restore access.",Hacking,Email/Account Compromise,100000,+91-7258282357,pay949@paytm,93103413164,,
C0287,2026-08-20,Bhopal,Rohit Verma,+91-7539459672,rohit.verma3@yahoo.com,I received a call from +91-9095224592 claiming to be from my bank asking me to update my KYC. They asked for OTP and my account was debited.,Financial Fraud,KYC/Bank Impersonation,10000,+91-9095224592,scammer859@paytm,33218196001,,
C0288,2026-01-10,Indore,Meera Reddy,+91-8954866959,meera.reddy354@outlook.com,I received a call from +91-9095224592 claiming to be from my bank asking me to update my KYC. They asked for OTP and my account was debited.,Financial Fraud,KYC/Bank Impersonation,5000,+91-9095224592,scammer859@paytm,33218196001,,
C0289,2026-07-21,Indore,Suresh Iyer,+91-9360610167,suresh.iyer50@yahoo.com,"My email account was hacked, attacker sent password reset link http://account-recovery.info/verify to change my credentials.",Hacking,Email/Account Compromise,15000,+91-7258282357,pay949@paytm,93103413164,http://account-recovery.info/verify,
C0290,2026-05-24,Indore,Rahul Iyer,+91-8648748568,rahul.iyer349@gmail.com,Unknown number +91-8485793320 is threatening to leak my private photos unless I pay Rs.50000 to pay266@paytm.,Sextortion,Blackmail via Video Call,50000,+91-8485793320,pay266@paytm,53419283276,,
C0291,2026-06-08,Bengaluru,Rahul Patel,+91-7306040784,rahul.patel689@yahoo.com,A person called from +91-9095224592 saying my bank account will be blocked unless I verify KYC. Transferred Rs.100000 via UPI to scammer859@paytm on their instruction.,Financial Fraud,KYC/Bank Impersonation,100000,+91-9095224592,scammer859@paytm,33218196001,,
C0292,2026-03-10,Bengaluru,Amit Joshi,+91-9790842177,amit.joshi851@gmail.com,"Someone posing as a bank employee called from +91-9095224592, asked for OTP for 'KYC update', money got deducted from my account.",Financial Fraud,KYC/Bank Impersonation,100000,+91-9095224592,scammer859@paytm,33218196001,,
C0293,2026-03-20,Pune,Ritu Patel,+91-7755425814,ritu.patel739@gmail.com,"Someone posing as a bank employee called from +91-9095224592, asked for OTP for 'KYC update', money got deducted from my account.",Financial Fraud,KYC/Bank Impersonation,15000,+91-9095224592,scammer859@paytm,33218196001,,
C0294,2026-04-16,Bhopal,Sneha Iyer,+91-7798415655,sneha.iyer131@outlook.com,"Extortion attempt via WhatsApp from +91-8485793320, demanding payment to bank account.",Sextortion,Blackmail via Video Call,25000,+91-8485793320,pay266@paytm,53419283276,,
C0295,2026-08-30,Pune,Rohit Iyer,+91-9335594245,rohit.iyer282@yahoo.com,"My email account was hacked, attacker sent password reset link http://account-recovery.xyz/verify to change my credentials.",Hacking,Email/Account Compromise,75000,+91-7258282357,pay949@paytm,93103413164,http://account-recovery.xyz/verify,
C0296,2026-04-08,Nagpur,Amit Yadav,+91-9305740161,amit.yadav513@outlook.com,"Received an email with link http://fake-support-helpdesk.online/verify asking to verify my account, after clicking I lost access and Rs.5000 was withdrawn.",Phishing,Fake Support Link,5000,+91-7716440495,scammer674@okaxis,86379402654,http://fake-support-helpdesk.online/verify,
C0297,2026-04-18,Indore,Rohit Yadav,+91-8676390962,rohit.yadav121@yahoo.com,"Unauthorized login detected from IP 160.156.180.36, my account was compromised and used for further scams.",Hacking,Email/Account Compromise,75000,+91-7258282357,pay949@paytm,93103413164,,160.156.180.36
C0298,2026-06-25,Jaipur,Manoj Nair,+91-9708329603,manoj.nair621@gmail.com,"I received a video call from +91-8485793320 and was later blackmailed with a recorded video, asked to pay to pay266@paytm.",Sextortion,Blackmail via Video Call,5000,+91-8485793320,pay266@paytm,53419283276,,
C0299,2026-02-23,Jaipur,Anjali Iyer,+91-8903823205,anjali.iyer334@yahoo.com,"I received a video call from +91-8485793320 and was later blackmailed with a recorded video, asked to pay to pay266@paytm.",Sextortion,Blackmail via Video Call,75000,+91-8485793320,pay266@paytm,53419283276,,
C0300,2026-03-26,Jaipur,Ankit Iyer,+91-9273074942,ankit.iyer296@outlook.com,A person called from +91-9095224592 saying my bank account will be blocked unless I verify KYC. Transferred Rs.25000 via UPI to scammer859@paytm on their instruction.,Financial Fraud,KYC/Bank Impersonation,25000,+91-9095224592,scammer859@paytm,33218196001,,
C0301,2026-07-24,Indore,Divya Nair,+91-7814735112,divya.nair195@outlook.com,A person called from +91-9095224592 saying my bank account will be blocked unless I verify KYC. Transferred Rs.100000 via UPI to scammer859@paytm on their instruction.,Financial Fraud,KYC/Bank Impersonation,100000,+91-9095224592,scammer859@paytm,33218196001,,
C0302,2026-06-18,Nagpur,Sanjay Joshi,+91-7988370036,sanjay.joshi659@gmail.com,I clicked a link http://fake-support-helpdesk.xyz/verify sent via SMS claiming to be customer support and entered my card details. Money was stolen.,Phishing,Fake Support Link,25000,+91-7716440495,scammer674@okaxis,86379402654,http://fake-support-helpdesk.xyz/verify,
C0303,2026-03-22,Bhopal,Vikram Iyer,+91-9308798857,vikram.iyer538@outlook.com,Unknown number +91-8485793320 is threatening to leak my private photos unless I pay Rs.5000 to pay266@paytm.,Sextortion,Blackmail via Video Call,5000,+91-8485793320,pay266@paytm,53419283276,,
C0304,2026-02-21,Lucknow,Arjun Reddy,+91-8029533283,arjun.reddy988@yahoo.com,"My identity was used to open a fraud account, contact number linked was +91-7509438221.",Identity Theft,Social Media Impersonation,100000,+91-7509438221,pay204@ybl,61559407816,,
C0305,2026-07-02,Jaipur,Karan Reddy,+91-7906657118,karan.reddy138@outlook.com,Unknown number +91-8485793320 is threatening to leak my private photos unless I pay Rs.25000 to pay266@paytm.,Sextortion,Blackmail via Video Call,25000,+91-8485793320,pay266@paytm,53419283276,,
C0306,2026-01-17,Mumbai,Manoj Reddy,+91-9957294670,manoj.reddy455@gmail.com,"Received threat messages from hacked account, attacker demanded money to pay949@paytm to restore access.",Hacking,Email/Account Compromise,75000,+91-7258282357,pay949@paytm,93103413164,,
C0307,2026-07-11,Indore,Anjali Malhotra,+91-7934113597,anjali.malhotra396@gmail.com,"Unauthorized login detected from IP 42.215.229.67, my account was compromised and used for further scams.",Hacking,Email/Account Compromise,50000,+91-7258282357,pay949@paytm,93103413164,,42.215.229.67
C0308,2026-06-19,Nagpur,Karan Reddy,+91-7724364206,karan.reddy308@yahoo.com,A cloned social media account impersonating me asked my relatives to send money to pay204@ybl.,Identity Theft,Social Media Impersonation,50000,+91-7509438221,pay204@ybl,61559407816,,
C0309,2026-02-12,Indore,Sanjay Mehta,+91-8852614044,sanjay.mehta815@gmail.com,"My identity was used to open a fraud account, contact number linked was +91-7509438221.",Identity Theft,Social Media Impersonation,25000,+91-7509438221,pay204@ybl,61559407816,,
C0310,2026-03-29,Bengaluru,Isha Malhotra,+91-7602675374,isha.malhotra435@gmail.com,Unknown number +91-8485793320 is threatening to leak my private photos unless I pay Rs.10000 to pay266@paytm.,Sextortion,Blackmail via Video Call,10000,+91-8485793320,pay266@paytm,53419283276,,
C0311,2026-04-12,Indore,Priya Gupta,+91-7980631292,priya.gupta578@gmail.com,"My identity was used to open a fraud account, contact number linked was +91-7509438221.",Identity Theft,Social Media Impersonation,5000,+91-7509438221,pay204@ybl,61559407816,,
C0312,2026-03-08,Ahmedabad,Pooja Reddy,+91-7963570786,pooja.reddy872@gmail.com,"My email account was hacked, attacker sent password reset link http://account-recovery.online/verify to change my credentials.",Hacking,Email/Account Compromise,75000,+91-7258282357,pay949@paytm,93103413164,http://account-recovery.online/verify,
C0313,2026-07-30,Delhi,Ritu Reddy,+91-8787448504,ritu.reddy329@gmail.com,"A fake support website http://fake-support-helpdesk.online/verify asked for my login credentials, my wallet linked to scammer674@okaxis was compromised.",Phishing,Fake Support Link,15000,+91-7716440495,scammer674@okaxis,86379402654,http://fake-support-helpdesk.online/verify,
C0314,2026-03-04,Jaipur,Divya Joshi,+91-7974669446,divya.joshi75@outlook.com,"A fake support website http://fake-support-helpdesk.shop/verify asked for my login credentials, my wallet linked to scammer674@okaxis was compromised.",Phishing,Fake Support Link,5000,+91-7716440495,scammer674@okaxis,86379402654,http://fake-support-helpdesk.shop/verify,
C0315,2026-06-19,Lucknow,Isha Rao,+91-8721859391,isha.rao322@gmail.com,"My identity was used to open a fraud account, contact number linked was +91-7509438221.",Identity Theft,Social Media Impersonation,100000,+91-7509438221,pay204@ybl,61559407816,,
C0316,2026-06-11,Ahmedabad,Rohit Joshi,+91-9538259832,rohit.joshi152@outlook.com,"My identity was used to open a fraud account, contact number linked was +91-7509438221.",Identity Theft,Social Media Impersonation,15000,+91-7509438221,pay204@ybl,61559407816,,
C0317,2026-03-05,Lucknow,Priya Iyer,+91-8439878690,priya.iyer536@outlook.com,I clicked a link http://fake-support-helpdesk.xyz/verify sent via SMS claiming to be customer support and entered my card details. Money was stolen.,Phishing,Fake Support Link,100000,+91-7716440495,scammer674@okaxis,86379402654,http://fake-support-helpdesk.xyz/verify,
C0318,2026-06-05,Bengaluru,Kavita Joshi,+91-8362681989,kavita.joshi935@yahoo.com,Someone created a fake profile using my photos and contacted my friends asking for money via pay204@ybl.,Identity Theft,Social Media Impersonation,10000,+91-7509438221,pay204@ybl,61559407816,,
C0319,2026-03-21,Lucknow,Amit Mehta,+91-7109385965,amit.mehta374@outlook.com,"A fake support website http://fake-support-helpdesk.xyz/verify asked for my login credentials, my wallet linked to scammer674@okaxis was compromised.",Phishing,Fake Support Link,100000,+91-7716440495,scammer674@okaxis,86379402654,http://fake-support-helpdesk.xyz/verify,
C0320,2026-06-12,Pune,Kavita Kapoor,+91-8794678417,kavita.kapoor383@outlook.com,Unknown number +91-8485793320 is threatening to leak my private photos unless I pay Rs.5000 to pay266@paytm.,Sextortion,Blackmail via Video Call,5000,+91-8485793320,pay266@paytm,53419283276,,
C0321,2026-08-18,Delhi,Meera Joshi,+91-9436872216,meera.joshi461@yahoo.com,A person called from +91-9095224592 saying my bank account will be blocked unless I verify KYC. Transferred Rs.100000 via UPI to scammer859@paytm on their instruction.,Financial Fraud,KYC/Bank Impersonation,100000,+91-9095224592,scammer859@paytm,33218196001,,
C0322,2026-01-24,Ahmedabad,Ankit Gupta,+91-8959652523,ankit.gupta885@yahoo.com,"My identity was used to open a fraud account, contact number linked was +91-7509438221.",Identity Theft,Social Media Impersonation,25000,+91-7509438221,pay204@ybl,61559407816,,
C0323,2026-05-14,Jaipur,Meera Reddy,+91-7368764321,meera.reddy154@gmail.com,"Unauthorized login detected from IP 202.180.160.151, my account was compromised and used for further scams.",Hacking,Email/Account Compromise,50000,+91-7258282357,pay949@paytm,93103413164,,202.180.160.151
C0324,2026-02-21,Bengaluru,Divya Mehta,+91-7046152233,divya.mehta776@outlook.com,"Unauthorized login detected from IP 99.2.10.137, my account was compromised and used for further scams.",Hacking,Email/Account Compromise,25000,+91-7258282357,pay949@paytm,93103413164,,99.2.10.137
C0325,2026-08-06,Lucknow,Vikram Malhotra,+91-9791474990,vikram.malhotra891@gmail.com,"Extortion attempt via WhatsApp from +91-8485793320, demanding payment to bank account.",Sextortion,Blackmail via Video Call,50000,+91-8485793320,pay266@paytm,53419283276,,
C0326,2026-05-13,Mumbai,Rahul Malhotra,+91-9015832214,rahul.malhotra691@gmail.com,"Extortion attempt via WhatsApp from +91-8485793320, demanding payment to bank account.",Sextortion,Blackmail via Video Call,100000,+91-8485793320,pay266@paytm,53419283276,,
C0327,2026-06-21,Indore,Rahul Gupta,+91-7605428430,rahul.gupta489@yahoo.com,A cloned social media account impersonating me asked my relatives to send money to pay204@ybl.,Identity Theft,Social Media Impersonation,100000,+91-7509438221,pay204@ybl,61559407816,,
C0328,2026-04-27,Bengaluru,Manoj Malhotra,+91-9204798125,manoj.malhotra269@outlook.com,"A fake support website http://fake-support-helpdesk.online/verify asked for my login credentials, my wallet linked to scammer674@okaxis was compromised.",Phishing,Fake Support Link,15000,+91-7716440495,scammer674@okaxis,86379402654,http://fake-support-helpdesk.online/verify,
C0329,2026-06-22,Bengaluru,Divya Reddy,+91-7249182686,divya.reddy954@gmail.com,"Extortion attempt via WhatsApp from +91-8485793320, demanding payment to bank account.",Sextortion,Blackmail via Video Call,50000,+91-8485793320,pay266@paytm,53419283276,,
C0330,2026-07-09,Indore,Anjali Malhotra,+91-7311216014,anjali.malhotra10@gmail.com,"I received a video call from +91-8485793320 and was later blackmailed with a recorded video, asked to pay to pay266@paytm.",Sextortion,Blackmail via Video Call,100000,+91-8485793320,pay266@paytm,53419283276,,
C0331,2026-04-28,Bhopal,Suresh Rao,+91-7407130707,suresh.rao452@yahoo.com,A cloned social media account impersonating me asked my relatives to send money to pay204@ybl.,Identity Theft,Social Media Impersonation,100000,+91-7509438221,pay204@ybl,61559407816,,
C0332,2026-08-28,Mumbai,Divya Patel,+91-8133878012,divya.patel917@yahoo.com,I clicked a link http://fake-support-helpdesk.info/verify sent via SMS claiming to be customer support and entered my card details. Money was stolen.,Phishing,Fake Support Link,100000,+91-7716440495,scammer674@okaxis,86379402654,http://fake-support-helpdesk.info/verify,
C0333,2026-02-03,Indore,Rahul Sharma,+91-8256875973,rahul.sharma603@yahoo.com,"Received threat messages from hacked account, attacker demanded money to pay949@paytm to restore access.",Hacking,Email/Account Compromise,5000,+91-7258282357,pay949@paytm,93103413164,,
C0334,2026-04-02,Delhi,Pooja Malhotra,+91-9552423983,pooja.malhotra123@gmail.com,Unknown number +91-8485793320 is threatening to leak my private photos unless I pay Rs.10000 to pay266@paytm.,Sextortion,Blackmail via Video Call,10000,+91-8485793320,pay266@paytm,53419283276,,
C0335,2026-04-10,Bengaluru,Meera Chauhan,+91-9191799016,meera.chauhan818@yahoo.com,"Someone posing as a bank employee called from +91-9095224592, asked for OTP for 'KYC update', money got deducted from my account.",Financial Fraud,KYC/Bank Impersonation,10000,+91-9095224592,scammer859@paytm,33218196001,,
C0336,2026-07-17,Lucknow,Neha Sharma,+91-8801376952,neha.sharma116@outlook.com,"My identity was used to open a fraud account, contact number linked was +91-7509438221.",Identity Theft,Social Media Impersonation,10000,+91-7509438221,pay204@ybl,61559407816,,
C0337,2026-06-12,Mumbai,Arjun Rao,+91-9218140137,arjun.rao820@yahoo.com,"Extortion attempt via WhatsApp from +91-8485793320, demanding payment to bank account.",Sextortion,Blackmail via Video Call,100000,+91-8485793320,pay266@paytm,53419283276,,
C0338,2026-04-11,Bengaluru,Divya Mehta,+91-8042269343,divya.mehta279@gmail.com,"My email account was hacked, attacker sent password reset link http://account-recovery.shop/verify to change my credentials.",Hacking,Email/Account Compromise,10000,+91-7258282357,pay949@paytm,93103413164,http://account-recovery.shop/verify,
C0339,2026-05-31,Mumbai,Ritu Singh,+91-7794416653,ritu.singh686@outlook.com,Someone created a fake profile using my photos and contacted my friends asking for money via pay204@ybl.,Identity Theft,Social Media Impersonation,100000,+91-7509438221,pay204@ybl,61559407816,,
C0340,2026-04-11,Nagpur,Manoj Verma,+91-7417239188,manoj.verma855@gmail.com,A cloned social media account impersonating me asked my relatives to send money to pay204@ybl.,Identity Theft,Social Media Impersonation,75000,+91-7509438221,pay204@ybl,61559407816,,
C0341,2026-02-02,Nagpur,Ankit Gupta,+91-9096487042,ankit.gupta187@gmail.com,"Received an email with link http://fake-support-helpdesk.online/verify asking to verify my account, after clicking I lost access and Rs.75000 was withdrawn.",Phishing,Fake Support Link,75000,+91-7716440495,scammer674@okaxis,86379402654,http://fake-support-helpdesk.online/verify,
C0342,2026-08-07,Bengaluru,Isha Nair,+91-7325599873,isha.nair377@outlook.com,"Received an email with link http://fake-support-helpdesk.info/verify asking to verify my account, after clicking I lost access and Rs.5000 was withdrawn.",Phishing,Fake Support Link,5000,+91-7716440495,scammer674@okaxis,86379402654,http://fake-support-helpdesk.info/verify,
C0343,2026-07-25,Bengaluru,Ritu Sharma,+91-7195112872,ritu.sharma152@outlook.com,"Unauthorized login detected from IP 88.184.46.236, my account was compromised and used for further scams.",Hacking,Email/Account Compromise,50000,+91-7258282357,pay949@paytm,93103413164,,88.184.46.236
C0344,2026-09-02,Bengaluru,Meera Nair,+91-8809217051,meera.nair14@outlook.com,"I received a video call from +91-8485793320 and was later blackmailed with a recorded video, asked to pay to pay266@paytm.",Sextortion,Blackmail via Video Call,50000,+91-8485793320,pay266@paytm,53419283276,,
C0345,2026-06-13,Pune,Manoj Nair,+91-9916776628,manoj.nair576@gmail.com,"I received a video call from +91-8485793320 and was later blackmailed with a recorded video, asked to pay to pay266@paytm.",Sextortion,Blackmail via Video Call,50000,+91-8485793320,pay266@paytm,53419283276,,
C0346,2026-06-08,Ahmedabad,Amit Nair,+91-9230862654,amit.nair40@yahoo.com,"Received threat messages from hacked account, attacker demanded money to pay949@paytm to restore access.",Hacking,Email/Account Compromise,25000,+91-7258282357,pay949@paytm,93103413164,,
C0347,2026-07-29,Pune,Suresh Kapoor,+91-8018946745,suresh.kapoor864@yahoo.com,"My email account was hacked, attacker sent password reset link http://account-recovery.shop/verify to change my credentials.",Hacking,Email/Account Compromise,5000,+91-7258282357,pay949@paytm,93103413164,http://account-recovery.shop/verify,
C0348,2026-08-05,Nagpur,Kavita Malhotra,+91-9514791490,kavita.malhotra629@outlook.com,"A fake support website http://fake-support-helpdesk.shop/verify asked for my login credentials, my wallet linked to scammer674@okaxis was compromised.",Phishing,Fake Support Link,15000,+91-7716440495,scammer674@okaxis,86379402654,http://fake-support-helpdesk.shop/verify,
C0349,2026-08-11,Jaipur,Ritu Sharma,+91-8736149106,ritu.sharma424@gmail.com,"Received threat messages from hacked account, attacker demanded money to pay949@paytm to restore access.",Hacking,Email/Account Compromise,50000,+91-7258282357,pay949@paytm,93103413164,,
C0350,2026-01-02,Bengaluru,Priya Nair,+91-8528030290,priya.nair41@gmail.com,Unknown number +91-8485793320 is threatening to leak my private photos unless I pay Rs.50000 to pay266@paytm.,Sextortion,Blackmail via Video Call,50000,+91-8485793320,pay266@paytm,53419283276,,
C0351,2026-01-12,Jaipur,Neha Kapoor,+91-8128918357,neha.kapoor555@gmail.com,Someone created a fake profile using my photos and contacted my friends asking for money via pay204@ybl.,Identity Theft,Social Media Impersonation,25000,+91-7509438221,pay204@ybl,61559407816,,
C0352,2026-06-22,Ahmedabad,Ankit Joshi,+91-8923812719,ankit.joshi784@outlook.com,I received a call from +91-9095224592 claiming to be from my bank asking me to update my KYC. They asked for OTP and my account was debited.,Financial Fraud,KYC/Bank Impersonation,25000,+91-9095224592,scammer859@paytm,33218196001,,
C0353,2026-04-12,Bengaluru,Ritu Joshi,+91-9757791289,ritu.joshi390@yahoo.com,A cloned social media account impersonating me asked my relatives to send money to pay204@ybl.,Identity Theft,Social Media Impersonation,10000,+91-7509438221,pay204@ybl,61559407816,,
C0354,2026-02-18,Indore,Ritu Singh,+91-7317696374,ritu.singh442@yahoo.com,"Someone posing as a bank employee called from +91-9095224592, asked for OTP for 'KYC update', money got deducted from my account.",Financial Fraud,KYC/Bank Impersonation,10000,+91-9095224592,scammer859@paytm,33218196001,,
C0355,2026-07-21,Indore,Meera Chauhan,+91-8721968556,meera.chauhan541@outlook.com,A cloned social media account impersonating me asked my relatives to send money to pay204@ybl.,Identity Theft,Social Media Impersonation,100000,+91-7509438221,pay204@ybl,61559407816,,
C0356,2026-04-10,Bengaluru,Ankit Patel,+91-7831112128,ankit.patel366@gmail.com,"Received an email with link http://fake-support-helpdesk.online/verify asking to verify my account, after clicking I lost access and Rs.5000 was withdrawn.",Phishing,Fake Support Link,5000,+91-7716440495,scammer674@okaxis,86379402654,http://fake-support-helpdesk.online/verify,
C0357,2026-01-23,Pune,Pooja Verma,+91-9699796772,pooja.verma641@outlook.com,"My email account was hacked, attacker sent password reset link http://account-recovery.info/verify to change my credentials.",Hacking,Email/Account Compromise,25000,+91-7258282357,pay949@paytm,93103413164,http://account-recovery.info/verify,
C0358,2026-05-02,Indore,Ritu Singh,+91-8010462096,ritu.singh483@yahoo.com,"My email account was hacked, attacker sent password reset link http://account-recovery.info/verify to change my credentials.",Hacking,Email/Account Compromise,5000,+91-7258282357,pay949@paytm,93103413164,http://account-recovery.info/verify,
C0359,2026-03-06,Mumbai,Kavita Singh,+91-7375533770,kavita.singh688@outlook.com,Unknown number +91-8485793320 is threatening to leak my private photos unless I pay Rs.75000 to pay266@paytm.,Sextortion,Blackmail via Video Call,75000,+91-8485793320,pay266@paytm,53419283276,,
C0360,2026-07-18,Bhopal,Pooja Kapoor,+91-7459176046,pooja.kapoor297@gmail.com,Someone created a fake profile using my photos and contacted my friends asking for money via pay204@ybl.,Identity Theft,Social Media Impersonation,25000,+91-7509438221,pay204@ybl,61559407816,,
C0361,2026-01-10,Pune,Ritu Mehta,+91-7660515741,ritu.mehta811@gmail.com,I clicked a link http://fake-support-helpdesk.xyz/verify sent via SMS claiming to be customer support and entered my card details. Money was stolen.,Phishing,Fake Support Link,100000,+91-7716440495,scammer674@okaxis,86379402654,http://fake-support-helpdesk.xyz/verify,
C0362,2026-01-04,Bengaluru,Rahul Chauhan,+91-9591148669,rahul.chauhan582@outlook.com,Someone created a fake profile using my photos and contacted my friends asking for money via pay204@ybl.,Identity Theft,Social Media Impersonation,15000,+91-7509438221,pay204@ybl,61559407816,,
C0363,2026-08-10,Indore,Neha Malhotra,+91-9541541056,neha.malhotra215@outlook.com,Someone created a fake profile using my photos and contacted my friends asking for money via pay204@ybl.,Identity Theft,Social Media Impersonation,25000,+91-7509438221,pay204@ybl,61559407816,,
C0364,2026-03-25,Delhi,Amit Rao,+91-8597637802,amit.rao364@yahoo.com,A person called from +91-9095224592 saying my bank account will be blocked unless I verify KYC. Transferred Rs.10000 via UPI to scammer859@paytm on their instruction.,Financial Fraud,KYC/Bank Impersonation,10000,+91-9095224592,scammer859@paytm,33218196001,,
C0365,2026-03-28,Nagpur,Sneha Kapoor,+91-9012099727,sneha.kapoor724@gmail.com,"I received a video call from +91-8485793320 and was later blackmailed with a recorded video, asked to pay to pay266@paytm.",Sextortion,Blackmail via Video Call,25000,+91-8485793320,pay266@paytm,53419283276,,
C0366,2026-07-12,Indore,Vikram Rao,+91-8931960335,vikram.rao360@yahoo.com,"Unauthorized login detected from IP 23.230.26.36, my account was compromised and used for further scams.",Hacking,Email/Account Compromise,50000,+91-7258282357,pay949@paytm,93103413164,,23.230.26.36
C0367,2026-04-01,Mumbai,Rohit Mehta,+91-8869964600,rohit.mehta192@outlook.com,"A fake support website http://fake-support-helpdesk.info/verify asked for my login credentials, my wallet linked to scammer674@okaxis was compromised.",Phishing,Fake Support Link,50000,+91-7716440495,scammer674@okaxis,86379402654,http://fake-support-helpdesk.info/verify,
C0368,2026-02-26,Bengaluru,Pooja Nair,+91-9553032037,pooja.nair79@outlook.com,"A fake support website http://fake-support-helpdesk.online/verify asked for my login credentials, my wallet linked to scammer674@okaxis was compromised.",Phishing,Fake Support Link,25000,+91-7716440495,scammer674@okaxis,86379402654,http://fake-support-helpdesk.online/verify,
C0369,2026-06-23,Delhi,Suresh Nair,+91-9016984593,suresh.nair309@yahoo.com,"Someone posing as a bank employee called from +91-9095224592, asked for OTP for 'KYC update', money got deducted from my account.",Financial Fraud,KYC/Bank Impersonation,15000,+91-9095224592,scammer859@paytm,33218196001,,
C0370,2026-08-13,Bengaluru,Vikram Verma,+91-8739475771,vikram.verma936@yahoo.com,"Received an email with link http://fake-support-helpdesk.info/verify asking to verify my account, after clicking I lost access and Rs.15000 was withdrawn.",Phishing,Fake Support Link,15000,+91-7716440495,scammer674@okaxis,86379402654,http://fake-support-helpdesk.info/verify,
C0371,2026-08-01,Jaipur,Rahul Mehta,+91-9118619452,rahul.mehta765@outlook.com,"Extortion attempt via WhatsApp from +91-8485793320, demanding payment to bank account.",Sextortion,Blackmail via Video Call,100000,+91-8485793320,pay266@paytm,53419283276,,
C0372,2026-03-03,Jaipur,Suresh Yadav,+91-8600982768,suresh.yadav777@gmail.com,"Someone posing as a bank employee called from +91-9095224592, asked for OTP for 'KYC update', money got deducted from my account.",Financial Fraud,KYC/Bank Impersonation,75000,+91-9095224592,scammer859@paytm,33218196001,,
C0373,2026-06-26,Indore,Karan Malhotra,+91-8640955332,karan.malhotra55@gmail.com,"My identity was used to open a fraud account, contact number linked was +91-7509438221.",Identity Theft,Social Media Impersonation,75000,+91-7509438221,pay204@ybl,61559407816,,
C0374,2026-08-27,Jaipur,Anjali Chauhan,+91-9628797806,anjali.chauhan885@outlook.com,I received a call from +91-9095224592 claiming to be from my bank asking me to update my KYC. They asked for OTP and my account was debited.,Financial Fraud,KYC/Bank Impersonation,25000,+91-9095224592,scammer859@paytm,33218196001,,
C0375,2026-08-31,Delhi,Ankit Nair,+91-7694335260,ankit.nair130@gmail.com,"Received threat messages from hacked account, attacker demanded money to pay949@paytm to restore access.",Hacking,Email/Account Compromise,5000,+91-7258282357,pay949@paytm,93103413164,,
C0376,2026-02-17,Lucknow,Amit Verma,+91-7146244510,amit.verma451@yahoo.com,"Received threat messages from hacked account, attacker demanded money to pay949@paytm to restore access.",Hacking,Email/Account Compromise,50000,+91-7258282357,pay949@paytm,93103413164,,
C0377,2026-05-21,Ahmedabad,Ritu Iyer,+91-8729465476,ritu.iyer114@yahoo.com,"A fake support website http://fake-support-helpdesk.xyz/verify asked for my login credentials, my wallet linked to scammer674@okaxis was compromised.",Phishing,Fake Support Link,5000,+91-7716440495,scammer674@okaxis,86379402654,http://fake-support-helpdesk.xyz/verify,
C0378,2026-09-05,Mumbai,Arjun Iyer,+91-7704986460,arjun.iyer362@gmail.com,"Received an email with link http://fake-support-helpdesk.xyz/verify asking to verify my account, after clicking I lost access and Rs.25000 was withdrawn.",Phishing,Fake Support Link,25000,+91-7716440495,scammer674@okaxis,86379402654,http://fake-support-helpdesk.xyz/verify,
C0379,2026-06-16,Indore,Rahul Chauhan,+91-8016367342,rahul.chauhan748@gmail.com,"My email account was hacked, attacker sent password reset link http://account-recovery.online/verify to change my credentials.",Hacking,Email/Account Compromise,50000,+91-7258282357,pay949@paytm,93103413164,http://account-recovery.online/verify,
C0380,2026-02-08,Jaipur,Pooja Sharma,+91-9262636724,pooja.sharma421@outlook.com,A cloned social media account impersonating me asked my relatives to send money to pay204@ybl.,Identity Theft,Social Media Impersonation,75000,+91-7509438221,pay204@ybl,61559407816,,
C0381,2026-01-12,Bhopal,Pooja Sharma,+91-9125052476,pooja.sharma106@outlook.com,"Extortion attempt via WhatsApp from +91-8485793320, demanding payment to bank account.",Sextortion,Blackmail via Video Call,10000,+91-8485793320,pay266@paytm,53419283276,,
C0382,2026-08-22,Ahmedabad,Kavita Rao,+91-7092456095,kavita.rao971@outlook.com,"My email account was hacked, attacker sent password reset link http://account-recovery.shop/verify to change my credentials.",Hacking,Email/Account Compromise,10000,+91-7258282357,pay949@paytm,93103413164,http://account-recovery.shop/verify,
C0383,2026-03-08,Delhi,Vikram Verma,+91-7101863004,vikram.verma876@yahoo.com,"Received threat messages from hacked account, attacker demanded money to pay949@paytm to restore access.",Hacking,Email/Account Compromise,10000,+91-7258282357,pay949@paytm,93103413164,,
C0384,2026-09-08,Pune,Vikram Verma,+91-7865470853,vikram.verma52@gmail.com,"Extortion attempt via WhatsApp from +91-8485793320, demanding payment to bank account.",Sextortion,Blackmail via Video Call,5000,+91-8485793320,pay266@paytm,53419283276,,
C0385,2026-02-09,Lucknow,Divya Verma,+91-9348148254,divya.verma522@outlook.com,I received a call from +91-9095224592 claiming to be from my bank asking me to update my KYC. They asked for OTP and my account was debited.,Financial Fraud,KYC/Bank Impersonation,100000,+91-9095224592,scammer859@paytm,33218196001,,
C0386,2026-01-31,Nagpur,Suresh Singh,+91-9206316903,suresh.singh184@gmail.com,"Unauthorized login detected from IP 212.20.147.96, my account was compromised and used for further scams.",Hacking,Email/Account Compromise,75000,+91-7258282357,pay949@paytm,93103413164,,212.20.147.96
C0387,2026-08-18,Nagpur,Karan Nair,+91-8945893647,karan.nair937@gmail.com,A cloned social media account impersonating me asked my relatives to send money to pay204@ybl.,Identity Theft,Social Media Impersonation,50000,+91-7509438221,pay204@ybl,61559407816,,
C0388,2026-01-24,Mumbai,Kavita Sharma,+91-9102793819,kavita.sharma612@gmail.com,"Received an email with link http://fake-support-helpdesk.xyz/verify asking to verify my account, after clicking I lost access and Rs.15000 was withdrawn.",Phishing,Fake Support Link,15000,+91-7716440495,scammer674@okaxis,86379402654,http://fake-support-helpdesk.xyz/verify,
C0389,2026-04-27,Bhopal,Sneha Mehta,+91-9366144522,sneha.mehta996@outlook.com,"Someone posing as a bank employee called from +91-9095224592, asked for OTP for 'KYC update', money got deducted from my account.",Financial Fraud,KYC/Bank Impersonation,100000,+91-9095224592,scammer859@paytm,33218196001,,
C0390,2026-06-16,Delhi,Vikram Nair,+91-8442156030,vikram.nair740@gmail.com,"My email account was hacked, attacker sent password reset link http://account-recovery.xyz/verify to change my credentials.",Hacking,Email/Account Compromise,75000,+91-7258282357,pay949@paytm,93103413164,http://account-recovery.xyz/verify,
C0391,2026-03-17,Bengaluru,Sneha Iyer,+91-8228266450,sneha.iyer150@gmail.com,I received a call from +91-9095224592 claiming to be from my bank asking me to update my KYC. They asked for OTP and my account was debited.,Financial Fraud,KYC/Bank Impersonation,75000,+91-9095224592,scammer859@paytm,33218196001,,
C0392,2026-07-22,Jaipur,Divya Patel,+91-8148587207,divya.patel824@outlook.com,Unknown number +91-8485793320 is threatening to leak my private photos unless I pay Rs.15000 to pay266@paytm.,Sextortion,Blackmail via Video Call,15000,+91-8485793320,pay266@paytm,53419283276,,
C0393,2026-08-08,Nagpur,Ankit Iyer,+91-8245251505,ankit.iyer642@outlook.com,A person called from +91-9095224592 saying my bank account will be blocked unless I verify KYC. Transferred Rs.15000 via UPI to scammer859@paytm on their instruction.,Financial Fraud,KYC/Bank Impersonation,15000,+91-9095224592,scammer859@paytm,33218196001,,
C0394,2026-02-24,Delhi,Divya Malhotra,+91-9151973201,divya.malhotra230@gmail.com,"A fake support website http://fake-support-helpdesk.shop/verify asked for my login credentials, my wallet linked to scammer674@okaxis was compromised.",Phishing,Fake Support Link,5000,+91-7716440495,scammer674@okaxis,86379402654,http://fake-support-helpdesk.shop/verify,
C0395,2026-07-15,Bhopal,Meera Mehta,+91-8351328021,meera.mehta863@outlook.com,Someone created a fake profile using my photos and contacted my friends asking for money via pay204@ybl.,Identity Theft,Social Media Impersonation,50000,+91-7509438221,pay204@ybl,61559407816,,
C0396,2026-04-26,Ahmedabad,Anjali Mehta,+91-8407560965,anjali.mehta5@outlook.com,A cloned social media account impersonating me asked my relatives to send money to pay204@ybl.,Identity Theft,Social Media Impersonation,25000,+91-7509438221,pay204@ybl,61559407816,,
C0397,2026-05-22,Nagpur,Divya Gupta,+91-7869296585,divya.gupta289@yahoo.com,"My email account was hacked, attacker sent password reset link http://account-recovery.info/verify to change my credentials.",Hacking,Email/Account Compromise,5000,+91-7258282357,pay949@paytm,93103413164,http://account-recovery.info/verify,
C0398,2026-02-24,Bengaluru,Ankit Mehta,+91-9510573736,ankit.mehta197@gmail.com,"A fake support website http://fake-support-helpdesk.xyz/verify asked for my login credentials, my wallet linked to scammer674@okaxis was compromised.",Phishing,Fake Support Link,25000,+91-7716440495,scammer674@okaxis,86379402654,http://fake-support-helpdesk.xyz/verify,
C0399,2026-05-12,Delhi,Kavita Joshi,+91-7102028714,kavita.joshi870@outlook.com,"Received an email with link http://fake-support-helpdesk.xyz/verify asking to verify my account, after clicking I lost access and Rs.15000 was withdrawn.",Phishing,Fake Support Link,15000,+91-7716440495,scammer674@okaxis,86379402654,http://fake-support-helpdesk.xyz/verify,
C0400,2026-05-31,Indore,Sanjay Mehta,+91-8693042975,sanjay.mehta386@gmail.com,Unknown number +91-8485793320 is threatening to leak my private photos unless I pay Rs.100000 to pay266@paytm.,Sextortion,Blackmail via Video Call,100000,+91-8485793320,pay266@paytm,53419283276,,
